live_id,tour_id,title,day_label,date,start_time,venue_id,brand_id,event_type,performance_type,has_stream,has_lv,has_archive,setlist_status,official_url,verified,notes
20260821_gk_shirube_fukui_d2,t_gk_shirube,学園アイドルマスター LIVE TOUR -標- 福井公演,DAY2,2026-08-21,,v_fukui_phoenix,gk,solo,cast,false,false,false,confirmed,,false,
20260820_gk_shirube_fukui_d1,t_gk_shirube,学園アイドルマスター LIVE TOUR -標- 福井公演,DAY1,2026-08-20,,v_fukui_phoenix,gk,solo,cast,false,false,false,confirmed,,false,
20260726_iwsf2026_d3,t_iwsf2026,IDOL WORLD SUPER FESTIVAL 2026 -KYOUMEI-,DAY3,2026-07-26,,v_keio_arena,crossover,festival,xr,true,true,true,confirmed,,false,
20260725_iwsf2026_d2,t_iwsf2026,IDOL WORLD SUPER FESTIVAL 2026 -ZESSYOU-,DAY2,2026-07-25,,v_keio_arena,crossover,festival,xr,true,true,true,confirmed,,false,
20260724_iwsf2026_d1,t_iwsf2026,IDOL WORLD SUPER FESTIVAL 2026 -YAKUDOU-,DAY1,2026-07-24,,v_keio_arena,crossover,festival,xr,true,true,true,confirmed,,false,
20260607_gk_hif_d2,t_gk_hif,学園アイドルマスター The 2nd Period Hatsuboshi IDOL FESTIVAL,DAY2,2026-06-07,,v_yokohama_arena,gk,solo,cast,true,false,true,confirmed,,false,
20260606_gk_hif_d1,t_gk_hif,学園アイドルマスター The 2nd Period Hatsuboshi IDOL FESTIVAL,DAY1,2026-06-06,,v_yokohama_arena,gk,solo,cast,true,false,true,confirmed,,false,
20260517_gk_hifsel_d2,t_gk_hif_sel,学園アイドルマスター The 2nd Period H.I.F選抜試験,DAY2,2026-05-17,,v_makuhari,gk,solo,xr,true,false,true,confirmed,,false,
20260516_gk_hifsel_d1,t_gk_hif_sel,学園アイドルマスター The 2nd Period H.I.F選抜試験,DAY1,2026-05-16,,v_makuhari,gk,solo,xr,true,false,true,confirmed,,false,
20260506_ml13th_d2,t_ml_13th,THE IDOLM@STER MILLION LIVE! 13thLIVE Grand bal masqué,DAY2,2026-05-06,,v_ariake_arena,ml,solo,cast,true,true,true,confirmed,,false,
20260505_ml13th_d1,t_ml_13th,THE IDOLM@STER MILLION LIVE! 13thLIVE 全力援走,DAY1,2026-05-05,,v_ariake_arena,ml,solo,cast,true,true,true,confirmed,,false,
20260426_sc_infinity_d2,t_sc_infinity,THE IDOLM@STER SHINY COLORS ∞th LIVE iと夢,DAY2,2026-04-26,,v_k_arena,sc,solo,mixed,true,false,true,confirmed,,false,
20260425_sc_infinity_d1,t_sc_infinity,THE IDOLM@STER SHINY COLORS ∞th LIVE iと夢,DAY1,2026-04-25,,v_k_arena,sc,solo,mixed,true,false,true,confirmed,,false,
20260412_sc_singularity_02,t_sc_singularity,283 Production XXXX Performance,0x02,2026-04-12,,v_makuhari,sc,solo,xr,true,false,true,confirmed,,false,
20260412_sc_singularity_03,t_sc_singularity,283 Production XXXX Performance,0x03,2026-04-12,,v_makuhari,sc,solo,xr,true,false,true,confirmed,,false,
20260411_sc_singularity_01,t_sc_singularity,283 Production XXXX Performance,0x01,2026-04-11,,v_makuhari,sc,solo,xr,true,false,true,confirmed,,false,
20260315_ml11th_d2,t_ml_11th,THE IDOLM@STER MILLION LIVE! 11thLIVE DAY2 百合咲き誇るレムリア,DAY2,2026-03-15,,v_kitakyushu_messe,ml,solo,cast,true,true,true,confirmed,,false,
20260314_ml11th_d1,t_ml_11th,THE IDOLM@STER MILLION LIVE! 11thLIVE DAY1 Atelier ROCOMOTION!!,DAY1,2026-03-14,,v_kitakyushu_messe,ml,solo,cast,true,true,true,confirmed,,false,
20260301_gk_ongakusai_d2,t_gk_ongakusai,学園アイドルマスター 初星音楽祭,DAY2,2026-03-01,,v_keio_arena,gk,solo,cast,true,false,true,confirmed,,false,
20260228_gk_ongakusai_d1,t_gk_ongakusai,学園アイドルマスター 初星音楽祭,DAY1,2026-02-28,,v_keio_arena,gk,solo,cast,true,false,true,confirmed,,false,
20260125_765_oathone_d2,t_765_oathone,如月千早武道館単独公演「OathONE」,1/25,2026-01-25,,v_budokan,765as,solo,xr,true,false,true,confirmed,,false,
20260124_765_oathone_d1,t_765_oathone,如月千早武道館単独公演「OathONE」,1/24,2026-01-24,,v_budokan,765as,solo,xr,true,false,true,confirmed,,false,
20251214_moiw2025_d2,t_moiw2025,THE IDOLM@STER M@STERS OF IDOL WORLD 2025,DAY2,2025-12-14,,v_kyocera_dome,crossover,festival,cast,true,true,true,confirmed,,false,
20251213_moiw2025_d1,t_moiw2025,THE IDOLM@STER M@STERS OF IDOL WORLD 2025,DAY1,2025-12-13,,v_kyocera_dome,crossover,festival,mixed,true,true,true,confirmed,,false,
20251012_ml12th_d2,t_ml_12th,THE IDOLM@STER MILLION LIVE! 12thLIVE DAY2 Let's Sing!,DAY2,2025-10-12,,v_keio_arena,ml,solo,cast,true,true,true,confirmed,,false,
20251011_ml12th_d1,t_ml_12th,THE IDOLM@STER MILLION LIVE! 12thLIVE DAY1 ありのままに。,DAY1,2025-10-11,,v_keio_arena,ml,solo,cast,true,true,true,confirmed,,false,
20250921_gk_undokai_d2,t_gk_undokai,学園アイドルマスター クラス対抗初星大運動会,DAY2,2025-09-21,,v_yoyogi_1,gk,event,cast,true,false,true,confirmed,,false,
20250920_gk_undokai_d1,t_gk_undokai,学園アイドルマスター クラス対抗初星大運動会,DAY1,2025-09-20,,v_yoyogi_1,gk,event,cast,true,false,true,confirmed,,false,
20250907_cg10th_memorial_d2,t_cg_10th_memorial,CINDERELLA GIRLS 10th MEMORIAL LIVE STARLIGHT STAGE,DAY2,2025-09-07,,v_k_arena,cg,solo,cast,true,true,true,confirmed,,false,
20250906_cg10th_memorial_d1,t_cg_10th_memorial,CINDERELLA GIRLS 10th MEMORIAL LIVE STARLIGHT STAGE,DAY1,2025-09-06,,v_k_arena,cg,solo,cast,true,true,true,confirmed,,false,
20250803_765_neverend_d2,t_765_neverend,765PRO ALLSTARS LIVE ～NEVER END IDOL!!!!!!!!!!!!!～,DAY2,2025-08-03,,v_k_arena,765as,solo,cast,true,true,true,confirmed,,false,
20250802_765_neverend_d1,t_765_neverend,765PRO ALLSTARS LIVE ～NEVER END IDOL!!!!!!!!!!!!!～,DAY1,2025-08-02,,v_k_arena,765as,solo,cast,true,true,true,confirmed,,false,
20250704_gk_uijin_shibuya_add_night,t_gk_debut_tour,学園アイドルマスター DEBUT LIVE 初 TOUR -初陣公演- 東京追加公演 夜の部,初陣・東京追加夜,2025-07-04,,v_shinjuku_reny,gk,solo,cast,false,false,false,confirmed,,false,
20250704_gk_uijin_shibuya_add_noon,t_gk_debut_tour,学園アイドルマスター DEBUT LIVE 初 TOUR -初陣公演- 東京追加公演 昼の部,初陣・東京追加昼,2025-07-04,,v_shinjuku_reny,gk,solo,cast,false,false,false,confirmed,,false,
20250629_cg10th_fukuoka_d2,t_cg_10th_tour,デレステ 10th ANNIVERSARY TOUR Let's AMUSEMENT!!! 福岡公演,DAY2,2025-06-29,,v_marinemesse,cg,solo,cast,true,false,true,confirmed,,false,
20250628_cg10th_fukuoka_d1,t_cg_10th_tour,デレステ 10th ANNIVERSARY TOUR Let's AMUSEMENT!!! 福岡公演,DAY1,2025-06-28,,v_marinemesse,cg,solo,cast,true,false,true,confirmed,,false,
20250608_cg10th_okinawa_d2,t_cg_10th_tour,デレステ 10th ANNIVERSARY TOUR Let's AMUSEMENT!!! 沖縄公演,DAY2,2025-06-08,,v_okinawa_arena,cg,solo,cast,true,false,true,confirmed,,false,
20250607_cg10th_okinawa_d1,t_cg_10th_tour,デレステ 10th ANNIVERSARY TOUR Let's AMUSEMENT!!! 沖縄公演,DAY1,2025-06-07,,v_okinawa_arena,cg,solo,cast,true,false,true,confirmed,,false,
20250601_gk_harmony_d2,t_gk_harmony,学園アイドルマスター The 1st Period Harmony Star,DAY2,2025-06-01,,v_tachikawa_garden,gk,solo,cast,true,false,true,confirmed,,false,
20250531_gk_harmony_d1,t_gk_harmony,学園アイドルマスター The 1st Period Harmony Star,DAY1,2025-05-31,,v_tachikawa_garden,gk,solo,cast,true,false,true,confirmed,,false,
20250525_gk_spotlight_d2,t_gk_spotlight,学園アイドルマスター The 1st Period Spotlight Star,DAY2,2025-05-25,,v_tachikawa_garden,gk,solo,cast,true,false,true,confirmed,,false,
20250524_gk_spotlight_d1,t_gk_spotlight,学園アイドルマスター The 1st Period Spotlight Star,DAY1,2025-05-24,,v_tachikawa_garden,gk,solo,cast,true,false,true,confirmed,,false,
20250427_cg10th_tokyo_d2,t_cg_10th_tour,デレステ 10th ANNIVERSARY TOUR Let's AMUSEMENT!!! 東京公演,DAY2,2025-04-27,,v_ariake_arena,cg,solo,cast,true,false,true,confirmed,,false,
20250426_cg10th_tokyo_d1,t_cg_10th_tour,デレステ 10th ANNIVERSARY TOUR Let's AMUSEMENT!!! 東京公演,DAY1,2025-04-26,,v_ariake_arena,cg,solo,cast,true,false,true,confirmed,,false,
20250330_hotchpotch2_d2,t_hotchpotch2,765 MILLIONSTARS HOTCHPOTCH FESTIV@L!! 2,DAY2,2025-03-30,,v_saitama_ssa,ml,solo,cast,true,true,true,confirmed,,false,
20250329_hotchpotch2_d1,t_hotchpotch2,765 MILLIONSTARS HOTCHPOTCH FESTIV@L!! 2,DAY1,2025-03-29,,v_saitama_ssa,ml,solo,cast,true,true,true,confirmed,,false,
20250309_cg10th_osaka_d2,t_cg_10th_tour,デレステ 10th ANNIVERSARY TOUR Let's AMUSEMENT!!! 大阪公演,DAY2,2025-03-09,,v_osakajo_hall,cg,solo,cast,true,false,true,confirmed,,false,
20250308_cg10th_osaka_d1,t_cg_10th_tour,デレステ 10th ANNIVERSARY TOUR Let's AMUSEMENT!!! 大阪公演,DAY1,2025-03-08,,v_osakajo_hall,cg,solo,cast,true,false,true,confirmed,,false,
20250216_gk_uijin_shibuya_night,t_gk_debut_tour,学園アイドルマスター DEBUT LIVE 初 TOUR -初陣公演- 渋谷クラブクアトロ公演 夜の部,初陣・渋谷夜,2025-02-16,,v_club_quattro_shibuya,gk,solo,cast,false,false,false,confirmed,,false,
20250216_gk_uijin_shibuya_noon,t_gk_debut_tour,学園アイドルマスター DEBUT LIVE 初 TOUR -初陣公演- 渋谷クラブクアトロ公演 昼の部,初陣・渋谷昼,2025-02-16,,v_club_quattro_shibuya,gk,solo,cast,false,false,false,confirmed,,false,
20250211_gk_uijin_umeda_night,t_gk_debut_tour,学園アイドルマスター DEBUT LIVE 初 TOUR -初陣公演- 梅田クラブクアトロ公演 夜の部,初陣・梅田夜,2025-02-11,,v_club_quattro_umeda,gk,solo,cast,false,false,false,confirmed,,false,
20250211_gk_uijin_umeda_noon,t_gk_debut_tour,学園アイドルマスター DEBUT LIVE 初 TOUR -初陣公演- 梅田クラブクアトロ公演 昼の部,初陣・梅田昼,2025-02-11,,v_club_quattro_umeda,gk,solo,cast,false,false,false,confirmed,,false,
20250208_gk_uijin_nagoya_night,t_gk_debut_tour,学園アイドルマスター DEBUT LIVE 初 TOUR -初陣公演- 名古屋クラブクアトロ公演 夜の部,初陣・名古屋夜,2025-02-08,,v_club_quattro_nagoya,gk,solo,cast,false,false,false,confirmed,,false,
20250208_gk_uijin_nagoya_noon,t_gk_debut_tour,学園アイドルマスター DEBUT LIVE 初 TOUR -初陣公演- 名古屋クラブクアトロ公演 昼の部,初陣・名古屋昼,2025-02-08,,v_club_quattro_nagoya,gk,solo,cast,false,false,false,confirmed,,false,
20241215_imas_expo_d2,t_imas_expo,M@STER EXPO LIVE SHOWCASE,DAY2,2024-12-15,,v_makuhari_hall3,crossover,festival,cast,false,false,false,confirmed,,false,
20241214_imas_expo_d1,t_imas_expo,M@STER EXPO LIVE SHOWCASE,DAY1,2024-12-14,,v_makuhari_hall3,crossover,festival,cast,false,false,false,confirmed,,false,
20241201_gk_shoshin_umeda_night,t_gk_debut_tour,学園アイドルマスター DEBUT LIVE 初 TOUR -初心公演- 梅田クラブクアトロ公演 夜の部,初心・梅田夜,2024-12-01,,v_club_quattro_umeda,gk,solo,cast,false,false,false,confirmed,,false,
20241201_gk_shoshin_umeda_noon,t_gk_debut_tour,学園アイドルマスター DEBUT LIVE 初 TOUR -初心公演- 梅田クラブクアトロ公演 昼の部,初心・梅田昼,2024-12-01,,v_club_quattro_umeda,gk,solo,cast,false,false,false,confirmed,,false,
20241027_gk_hatsukoi_shibuya_night,t_gk_debut_tour,学園アイドルマスター DEBUT LIVE 初 TOUR -初恋公演- 渋谷クラブクアトロ公演 夜の部,初恋・渋谷夜,2024-10-27,,v_club_quattro_shibuya,gk,solo,cast,false,false,false,confirmed,,false,
20241027_gk_hatsukoi_shibuya_noon,t_gk_debut_tour,学園アイドルマスター DEBUT LIVE 初 TOUR -初恋公演- 渋谷クラブクアトロ公演 昼の部,初恋・渋谷昼,2024-10-27,,v_club_quattro_shibuya,gk,solo,cast,false,false,false,confirmed,,false,
20241019_gk_hatsukoi_hiroshima_night,t_gk_debut_tour,学園アイドルマスター DEBUT LIVE 初 TOUR -初恋公演- 広島クラブクアトロ公演 夜の部,初恋・広島夜,2024-10-19,,v_club_quattro_hiroshima,gk,solo,cast,false,false,false,confirmed,,false,
20241019_gk_hatsukoi_hiroshima_noon,t_gk_debut_tour,学園アイドルマスター DEBUT LIVE 初 TOUR -初恋公演- 広島クラブクアトロ公演 昼の部,初恋・広島昼,2024-10-19,,v_club_quattro_hiroshima,gk,solo,cast,false,false,false,confirmed,,false,
20241014_gk_hatsukoi_umeda_night,t_gk_debut_tour,学園アイドルマスター DEBUT LIVE 初 TOUR -初恋公演- 梅田クラブクアトロ公演 夜の部,初恋・梅田夜,2024-10-14,,v_club_quattro_umeda,gk,solo,cast,false,false,false,confirmed,,false,
20241014_gk_hatsukoi_umeda_noon,t_gk_debut_tour,学園アイドルマスター DEBUT LIVE 初 TOUR -初恋公演- 梅田クラブクアトロ公演 昼の部,初恋・梅田昼,2024-10-14,,v_club_quattro_umeda,gk,solo,cast,false,false,false,confirmed,,false,
20240923_gk_shoshin_hiroshima_night,t_gk_debut_tour,学園アイドルマスター DEBUT LIVE 初 TOUR -初心公演- 広島クラブクアトロ公演 夜の部,初心・広島夜,2024-09-23,,v_club_quattro_hiroshima,gk,solo,cast,false,false,false,confirmed,,false,
20240923_gk_shoshin_hiroshima_noon,t_gk_debut_tour,学園アイドルマスター DEBUT LIVE 初 TOUR -初心公演- 広島クラブクアトロ公演 昼の部,初心・広島昼,2024-09-23,,v_club_quattro_hiroshima,gk,solo,cast,false,false,false,confirmed,,false,
20240907_gk_shoshin_nagoya_night,t_gk_debut_tour,学園アイドルマスター DEBUT LIVE 初 TOUR -初心公演- 名古屋クラブクアトロ公演 夜の部,初心・名古屋夜,2024-09-07,,v_club_quattro_nagoya,gk,solo,cast,false,false,false,confirmed,,false,
20240907_gk_shoshin_nagoya_noon,t_gk_debut_tour,学園アイドルマスター DEBUT LIVE 初 TOUR -初心公演- 名古屋クラブクアトロ公演 昼の部,初心・名古屋昼,2024-09-07,,v_club_quattro_nagoya,gk,solo,cast,false,false,false,confirmed,,false,
20240825_gk_ubugoe_shibuya_night,t_gk_debut_tour,学園アイドルマスター DEBUT LIVE 初 TOUR -初声公演- 渋谷クラブクアトロ公演 夜の部,初声・渋谷夜,2024-08-25,,v_club_quattro_shibuya,gk,solo,cast,false,false,false,confirmed,,false,
20240825_gk_ubugoe_shibuya_noon,t_gk_debut_tour,学園アイドルマスター DEBUT LIVE 初 TOUR -初声公演- 渋谷クラブクアトロ公演 昼の部,初声・渋谷昼,2024-08-25,,v_club_quattro_shibuya,gk,solo,cast,false,false,false,confirmed,,false,
20240818_gk_ubugoe_umeda_night,t_gk_debut_tour,学園アイドルマスター DEBUT LIVE 初 TOUR -初声公演- 梅田クラブクアトロ公演 夜の部,初声・梅田夜,2024-08-18,,v_club_quattro_umeda,gk,solo,cast,false,false,false,confirmed,,false,
20240818_gk_ubugoe_umeda_noon,t_gk_debut_tour,学園アイドルマスター DEBUT LIVE 初 TOUR -初声公演- 梅田クラブクアトロ公演 昼の部,初声・梅田昼,2024-08-18,,v_club_quattro_umeda,gk,solo,cast,false,false,false,confirmed,,false,
20240810_gk_ubugoe_nagoya,t_gk_debut_tour,学園アイドルマスター DEBUT LIVE 初 TOUR -初声公演- 名古屋クラブクアトロ公演,初声・名古屋,2024-08-10,,v_club_quattro_nagoya,gk,solo,cast,false,false,false,confirmed,,false,
20240225_ml10th_act4_d2,t_ml_10th,THE IDOLM@STER MILLION LIVE! 10thLIVE TOUR Act-4 MILLION THE@TER!!!!,Act4 DAY2,2024-02-25,,v_k_arena,ml,solo,cast,true,false,true,confirmed,,false,
20240224_ml10th_act4_d1,t_ml_10th,THE IDOLM@STER MILLION LIVE! 10thLIVE TOUR Act-4 MILLION THE@TER!!!!,Act4 DAY1,2024-02-24,,v_k_arena,ml,solo,cast,true,false,true,confirmed,,false,
20231210_ijigen_d2,t_ijigen_fes,異次元フェス アイドルマスター★♥ラブライブ！歌合戦,DAY2,2023-12-10,,v_tokyo_dome,crossover,festival,cast,true,false,true,confirmed,,false,
20231209_ijigen_d1,t_ijigen_fes,異次元フェス アイドルマスター★♥ラブライブ！歌合戦,DAY1,2023-12-09,,v_tokyo_dome,crossover,festival,cast,true,false,true,confirmed,,false,
20231105_ml10th_act3_d2,t_ml_10th,THE IDOLM@STER MILLION LIVE! 10thLIVE TOUR Act-3 R@ISE THE DREAM!!!,Act3 DAY2,2023-11-05,,v_kitakyushu_messe,ml,solo,cast,true,false,true,confirmed,,false,
20231104_ml10th_act3_d1,t_ml_10th,THE IDOLM@STER MILLION LIVE! 10thLIVE TOUR Act-3 R@ISE THE DREAM!!!,Act3 DAY1,2023-11-04,,v_kitakyushu_messe,ml,solo,cast,true,false,true,confirmed,,false,
20230730_ml10th_act2_d2,t_ml_10th,THE IDOLM@STER MILLION LIVE! 10thLIVE TOUR Act-2 5 TO SP@RKLE!!,Act2 DAY2,2023-07-30,,v_portmesse_nagoya,ml,solo,cast,true,false,true,confirmed,,false,
20230729_ml10th_act2_d1,t_ml_10th,THE IDOLM@STER MILLION LIVE! 10thLIVE TOUR Act-2 5 TO SP@RKLE!!,Act2 DAY1,2023-07-29,,v_portmesse_nagoya,ml,solo,cast,true,false,true,confirmed,,false,
20230423_ml10th_act1_d2,t_ml_10th,THE IDOLM@STER MILLION LIVE! 10thLIVE TOUR Act-1 H@PPY 4 YOU!,Act1 DAY2,2023-04-23,,v_saitama_ssa,ml,solo,cast,true,false,true,confirmed,,false,
20230422_ml10th_act1_d1,t_ml_10th,THE IDOLM@STER MILLION LIVE! 10thLIVE TOUR Act-1 H@PPY 4 YOU!,Act1 DAY1,2023-04-22,,v_saitama_ssa,ml,solo,cast,true,false,true,confirmed,,false,
20230212_moiw2023_d2,t_moiw2023,THE IDOLM@STER M@STERS OF IDOL WORLD!!!!! 2023,DAY2,2023-02-12,,v_tokyo_dome,crossover,festival,cast,true,false,true,confirmed,,false,
20230211_moiw2023_d1,t_moiw2023,THE IDOLM@STER M@STERS OF IDOL WORLD!!!!! 2023,DAY1,2023-02-11,,v_tokyo_dome,crossover,festival,cast,true,false,true,confirmed,,false,
20230115_ml9th_d2,t_ml_9th,THE IDOLM@STER MILLION LIVE! 9thLIVE ChoruSp@rkle!!,DAY2,2023-01-15,,v_budokan,ml,solo,cast,true,false,true,confirmed,,false,
20230114_ml9th_d1,t_ml_9th,THE IDOLM@STER MILLION LIVE! 9thLIVE ChoruSp@rkle!!,DAY1,2023-01-14,,v_budokan,ml,solo,cast,true,false,true,confirmed,,false,
20220213_ml8th_d2,t_ml_8th,THE IDOLM@STER MILLION LIVE! 8thLIVE Twelw@ve,DAY2,2022-02-13,,v_musashino,ml,solo,cast,true,false,true,confirmed,,false,
20220212_ml8th_d1,t_ml_8th,THE IDOLM@STER MILLION LIVE! 8thLIVE Twelw@ve,DAY1,2022-02-12,,v_musashino,ml,solo,cast,true,false,true,confirmed,,false,
20210523_ml7th_d2,t_ml_7th,THE IDOLM@STER MILLION LIVE! 7thLIVE Q@MP FLYER!!! Reburn,DAY2,2021-05-23,,v_fujikyu_conifer,ml,solo,cast,true,false,true,confirmed,,false,
20210522_ml7th_d1,t_ml_7th,THE IDOLM@STER MILLION LIVE! 7thLIVE Q@MP FLYER!!! Reburn,DAY1,2021-05-22,,v_fujikyu_conifer,ml,solo,cast,true,false,true,confirmed,,false,
20190922_ml6th_ssa_d2,t_ml_6th,THE IDOLM@STER MILLION LIVE! 6thLIVE UNI-ON@IR!!!! SPECIAL,SSA SPECIAL 2日目,2019-09-22,,v_saitama_ssa,ml,solo,cast,false,true,false,confirmed,,false,
20190921_ml6th_ssa_d1,t_ml_6th,THE IDOLM@STER MILLION LIVE! 6thLIVE UNI-ON@IR!!!! SPECIAL,SSA SPECIAL 1日目,2019-09-21,,v_saitama_ssa,ml,solo,cast,false,true,false,confirmed,,false,
20190630_ml6th_fairy_d2,t_ml_6th,THE IDOLM@STER MILLION LIVE! 6thLIVE TOUR UNI-ON@IR!!!! 福岡公演 Fairy STATION,Fairy STATION 2日目,2019-06-30,,v_marinemesse,ml,solo,cast,false,false,false,confirmed,,false,
20190629_ml6th_fairy_d1,t_ml_6th,THE IDOLM@STER MILLION LIVE! 6thLIVE TOUR UNI-ON@IR!!!! 福岡公演 Fairy STATION,Fairy STATION 1日目,2019-06-29,,v_marinemesse,ml,solo,cast,false,false,false,confirmed,,false,
20190519_ml6th_princess_d2,t_ml_6th,THE IDOLM@STER MILLION LIVE! 6thLIVE TOUR UNI-ON@IR!!!! 神戸公演 Princess STATION,Princess STATION 2日目,2019-05-19,,v_kobe_world,ml,solo,cast,false,false,false,confirmed,,false,
20190518_ml6th_princess_d1,t_ml_6th,THE IDOLM@STER MILLION LIVE! 6thLIVE TOUR UNI-ON@IR!!!! 神戸公演 Princess STATION,Princess STATION 1日目,2019-05-18,,v_kobe_world,ml,solo,cast,false,false,false,confirmed,,false,
20190428_ml6th_angel_d2,t_ml_6th,THE IDOLM@STER MILLION LIVE! 6thLIVE TOUR UNI-ON@IR!!!! 仙台公演 Angel STATION,Angel STATION 2日目,2019-04-28,,v_sendai_xebio,ml,solo,cast,false,false,false,confirmed,,false,
20190427_ml6th_angel_d1,t_ml_6th,THE IDOLM@STER MILLION LIVE! 6thLIVE TOUR UNI-ON@IR!!!! 仙台公演 Angel STATION,Angel STATION 1日目,2019-04-27,,v_sendai_xebio,ml,solo,cast,false,false,false,confirmed,,false,
20180603_ml5th_d2,t_ml_5th,THE IDOLM@STER MILLION LIVE! 5thLIVE BRAND NEW PERFORM@NCE!!!,DAY2,2018-06-03,,v_saitama_ssa,ml,solo,cast,false,true,false,confirmed,,false,
20180602_ml5th_d1,t_ml_5th,THE IDOLM@STER MILLION LIVE! 5thLIVE BRAND NEW PERFORM@NCE!!!,DAY1,2018-06-02,,v_saitama_ssa,ml,solo,cast,false,true,false,confirmed,,false,
20171008_hotchpotch_d2,t_hotchpotch,THE IDOLM@STER 765 MILLIONSTARS HOTCHPOTCH FESTIV@L!!,DAY2,2017-10-08,,v_budokan,ml,festival,cast,false,true,false,confirmed,,false,
20171007_hotchpotch_d1,t_hotchpotch,THE IDOLM@STER 765 MILLIONSTARS HOTCHPOTCH FESTIV@L!!,DAY1,2017-10-07,,v_budokan,ml,festival,cast,false,true,false,confirmed,,false,
20170312_ml4th_d3,t_ml_4th,THE IDOLM@STER MILLION LIVE! 4thLIVE TH@NK YOU for SMILE!!,DAY3 Starlight Theater,2017-03-12,,v_budokan,ml,solo,cast,false,true,false,confirmed,,false,
20170311_ml4th_d2,t_ml_4th,THE IDOLM@STER MILLION LIVE! 4thLIVE TH@NK YOU for SMILE!!,DAY2 BlueMoon Theater,2017-03-11,,v_budokan,ml,solo,cast,false,true,false,confirmed,,false,
20170310_ml4th_d1,t_ml_4th,THE IDOLM@STER MILLION LIVE! 4thLIVE TH@NK YOU for SMILE!!,DAY1 Sunshine Theater,2017-03-10,,v_budokan,ml,solo,cast,false,true,false,confirmed,,false,
20160417_ml3rd_makuhari_d2,t_ml_3rd,THE IDOLM@STER MILLION LIVE! 3rdLIVE TOUR BELIEVE MY DRE@M!!@MAKUHARI0417,幕張Day2,2016-04-17,,v_makuhari,ml,solo,cast,false,false,false,confirmed,,false,
20160416_ml3rd_makuhari_d1,t_ml_3rd,THE IDOLM@STER MILLION LIVE! 3rdLIVE TOUR BELIEVE MY DRE@M!!@MAKUHARI0416,幕張Day1,2016-04-16,,v_makuhari,ml,solo,cast,false,false,false,confirmed,,false,
20160403_ml3rd_fukuoka,t_ml_3rd,THE IDOLM@STER MILLION LIVE! 3rdLIVE TOUR BELIEVE MY DRE@M!!@FUKUOKA0403,福岡,2016-04-03,,v_kitakyushu_soleil,ml,solo,cast,false,false,false,confirmed,,false,
20160313_ml3rd_osaka_d2,t_ml_3rd,THE IDOLM@STER MILLION LIVE! 3rdLIVE TOUR BELIEVE MY DRE@M!!@OSAKA0313,大阪Day2,2016-03-13,,v_osaka_orix,ml,solo,cast,false,false,false,confirmed,,false,
20160312_ml3rd_osaka_d1,t_ml_3rd,THE IDOLM@STER MILLION LIVE! 3rdLIVE TOUR BELIEVE MY DRE@M!!@OSAKA0312,大阪Day1,2016-03-12,,v_osaka_orix,ml,solo,cast,false,false,false,confirmed,,false,
20160207_ml3rd_sendai,t_ml_3rd,THE IDOLM@STER MILLION LIVE! 3rdLIVE TOUR BELIEVE MY DRE@M!!@SENDAI0207,仙台,2016-02-07,,v_sendai_xebio,ml,solo,cast,false,false,false,confirmed,,false,
20160131_ml3rd_nagoya,t_ml_3rd,THE IDOLM@STER MILLION LIVE! 3rdLIVE TOUR BELIEVE MY DRE@M!!@NAGOYA0131,名古屋,2016-01-31,,v_nagoya_century,ml,solo,cast,false,false,false,confirmed,,false,
20150719_moiw2015_d2,t_moiw2015,THE IDOLM@STER M@STERS OF IDOL WORLD!!2015,DAY2,2015-07-19,,v_belluna_dome,crossover,festival,cast,false,true,false,confirmed,,false,
20150718_moiw2015_d1,t_moiw2015,THE IDOLM@STER M@STERS OF IDOL WORLD!!2015,DAY1,2015-07-18,,v_belluna_dome,crossover,festival,cast,false,true,false,confirmed,,false,
20150404_ml2nd_d1,t_ml_2nd,THE IDOLM@STER MILLION LIVE! 2ndLIVE ENJOY H@RMONY!!,Day1,2015-04-04,,v_makuhari,ml,solo,cast,false,false,false,confirmed,,false,
20140608_ml1st_d2,t_ml_1st,THE IDOLM@STER MILLION LIVE! 1stLIVE HAPPY☆PERFORM@NCE!!,DAY2,2014-06-08,,v_nakano_sunplaza,ml,solo,cast,false,false,false,confirmed,,false,
20140607_ml1st_d1,t_ml_1st,THE IDOLM@STER MILLION LIVE! 1stLIVE HAPPY☆PERFORM@NCE!!,DAY1,2014-06-07,,v_nakano_sunplaza,ml,solo,cast,false,false,false,confirmed,,false,
20140223_moiw2014_d2,t_moiw2014,THE IDOLM@STER M@STERS OF IDOL WORLD!!2014,DAY2,2014-02-23,,v_saitama_ssa,crossover,festival,cast,false,true,false,confirmed,,false,
20140222_moiw2014_d1,t_moiw2014,THE IDOLM@STER M@STERS OF IDOL WORLD!!2014,DAY1,2014-02-22,,v_saitama_ssa,crossover,festival,cast,false,true,false,confirmed,,false,
20190309_sc_1st_d1,t_sc_1st,THE IDOLM@STER SHINY COLORS 1stLIVE FLY TO THE SHINY SKY,1日目,2019-03-09,,v_maihama_amphitheater,sc,solo,cast,false,false,true,confirmed,,false,
20190310_sc_1st_d2m,t_sc_1st,THE IDOLM@STER SHINY COLORS 1stLIVE FLY TO THE SHINY SKY,2日目昼公演,2019-03-10,,v_maihama_amphitheater,sc,solo,cast,false,false,true,confirmed,,false,
20190310_sc_1st_d2e,t_sc_1st,THE IDOLM@STER SHINY COLORS 1stLIVE FLY TO THE SHINY SKY,2日目夜公演,2019-03-10,,v_maihama_amphitheater,sc,solo,cast,false,false,true,confirmed,,false,
20190818_sc_summer2019_day,t_sc_summer2019,アソビストア presents THE IDOLM@STER SHINY COLORS SUMMER PARTY 2019,昼公演,2019-08-18,,v_pacifico,sc,event,cast,false,false,false,confirmed,,false,
20190818_sc_summer2019_eve,t_sc_summer2019,アソビストア presents THE IDOLM@STER SHINY COLORS SUMMER PARTY 2019,夜公演,2019-08-18,,v_pacifico,sc,event,cast,false,false,false,confirmed,,false,
20210320_sc_2nd_d1,t_sc_2nd,THE IDOLM@STER SHINY COLORS 2ndLIVE STEP INTO THE SUNSET SKY,DAY1,2021-03-20,,v_makuhari_hall13,sc,solo,cast,false,false,true,confirmed,,false,
20210321_sc_2nd_d2,t_sc_2nd,THE IDOLM@STER SHINY COLORS 2ndLIVE STEP INTO THE SUNSET SKY,DAY2,2021-03-21,,v_makuhari_hall13,sc,solo,cast,false,false,true,confirmed,,false,
20210403_sc_3rd_nagoya_d1,t_sc_3rd,THE IDOLM@STER SHINY COLORS 3rdLIVE TOUR PIECE ON PLANET,NAGOYA DAY1,2021-04-03,,v_nippon_gaishi,sc,solo,cast,false,false,true,confirmed,,false,
20210404_sc_3rd_nagoya_d2,t_sc_3rd,THE IDOLM@STER SHINY COLORS 3rdLIVE TOUR PIECE ON PLANET,NAGOYA DAY2,2021-04-04,,v_nippon_gaishi,sc,solo,cast,false,false,true,confirmed,,false,
20210424_sc_3rd_tokyo_d1,t_sc_3rd,THE IDOLM@STER SHINY COLORS 3rdLIVE TOUR PIECE ON PLANET,TOKYO DAY1,2021-04-24,,v_tokyo_garden,sc,solo,cast,false,false,true,confirmed,,false,
20210425_sc_3rd_tokyo_d2,t_sc_3rd,THE IDOLM@STER SHINY COLORS 3rdLIVE TOUR PIECE ON PLANET,TOKYO DAY2,2021-04-25,,v_online,sc,solo,cast,true,false,true,confirmed,,false,配信専用公演
20210529_sc_3rd_fukuoka_d1,t_sc_3rd,THE IDOLM@STER SHINY COLORS 3rdLIVE TOUR PIECE ON PLANET,FUKUOKA DAY1,2021-05-29,,v_nishi_japan_hall,sc,solo,cast,false,false,true,confirmed,,false,
20210530_sc_3rd_fukuoka_d2,t_sc_3rd,THE IDOLM@STER SHINY COLORS 3rdLIVE TOUR PIECE ON PLANET,FUKUOKA DAY2,2021-05-30,,v_nishi_japan_hall,sc,solo,cast,false,false,true,confirmed,,false,
20211023_sc_283fes2021_d1,t_sc_283fes2021,THE IDOLM@STER SHINY COLORS 283フェス 2021 Happy Buffet!,DAY1,2021-10-23,,v_online,sc,event,cast,true,false,false,confirmed,,false,イベント（ミュージックSTAGEのセトリ）
20211024_sc_283fes2021_d2,t_sc_283fes2021,THE IDOLM@STER SHINY COLORS 283フェス 2021 Happy Buffet!,DAY2,2021-10-24,,v_online,sc,event,cast,true,false,false,confirmed,,false,イベント（ミュージックSTAGEのセトリ）
20211218_sc_xmas2021_d1,t_sc_xmas2021,THE IDOLM@STER SHINY COLORS Xmas Party -Silent night-,DAY1,2021-12-18,,v_kokugikan,sc,solo,cast,false,false,false,confirmed,,false,
20211219_sc_xmas2021_d2,t_sc_xmas2021,THE IDOLM@STER SHINY COLORS Xmas Party -Silent night-,DAY2,2021-12-19,,v_kokugikan,sc,solo,cast,false,false,false,confirmed,,false,
20220514_bne_fes2nd_d1,t_bne_fes2nd,バンダイナムコエンターテインメントフェスティバル 2nd,DAY1,2022-05-14,,v_zozo,crossover,festival,cast,false,false,false,confirmed,,false,
20220515_bne_fes2nd_d2,t_bne_fes2nd,バンダイナムコエンターテインメントフェスティバル 2nd,DAY2,2022-05-15,,v_zozo,crossover,festival,cast,false,false,false,confirmed,,false,
20220813_sc_setsuna_d1,t_sc_setsuna,283PRODUCTION UNIT LIVE SETSUNA BEAT,DAY1,2022-08-13,,v_tokyo_garden,sc,solo,cast,false,false,false,confirmed,,false,
20220814_sc_setsuna_d2,t_sc_setsuna,283PRODUCTION UNIT LIVE SETSUNA BEAT,DAY2,2022-08-14,,v_tokyo_garden,sc,solo,cast,false,false,false,confirmed,,false,
20221022_sc_mugen_d1,t_sc_mugen,283PRODUCTION UNIT LIVE MUGEN BEAT,DAY1,2022-10-22,,v_musashino,sc,solo,cast,false,false,false,confirmed,,false,
20221023_sc_mugen_d2,t_sc_mugen,283PRODUCTION UNIT LIVE MUGEN BEAT,DAY2,2022-10-23,,v_musashino,sc,solo,cast,false,false,false,confirmed,,false,
20230318_sc_5th_d1,t_sc_5th,THE IDOLM@STER SHINY COLORS 5thLIVE If I_wings.,DAY1,2023-03-18,,v_yoyogi_1,sc,solo,cast,false,false,true,confirmed,,false,
20230319_sc_5th_d2,t_sc_5th,THE IDOLM@STER SHINY COLORS 5thLIVE If I_wings.,DAY2,2023-03-19,,v_yoyogi_1,sc,solo,cast,false,false,true,confirmed,,false,
20140405_cg1st_d1,t_cg_1st,THE IDOLM@STER CINDERELLA GIRLS 1stLIVE WONDERFUL M@GIC!!,4月5日公演,2014-04-05,,v_maihama_amphitheater,cg,solo,cast,false,false,false,confirmed,,false,
20140406_cg1st_d2,t_cg_1st,THE IDOLM@STER CINDERELLA GIRLS 1stLIVE WONDERFUL M@GIC!!,4月6日公演,2014-04-06,,v_maihama_amphitheater,cg,solo,cast,false,false,false,confirmed,,false,
20141130_cg2nd,t_cg_2nd,THE IDOLM@STER CINDERELLA GIRLS 2ndLIVE PARTY M@GIC!!,,2014-11-30,,v_yoyogi_1,cg,solo,cast,false,false,false,confirmed,,false,
20150802_cg_sf2015_tokyo,t_cg_sf2015,THE IDOLM@STER CINDERELLA GIRLS SUMMER FESTIV@L 2015 in 東京,東京公演,2015-08-02,,v_maihama_amphitheater,cg,solo,cast,false,false,false,confirmed,,false,
20150823_cg_sf2015_osaka,t_cg_sf2015,THE IDOLM@STER CINDERELLA GIRLS SUMMER FESTIV@L 2015 in 大阪,大阪公演,2015-08-23,,v_osaka_granvia,cg,solo,cast,false,false,false,confirmed,,false,
20151128_cg3rd_d1,t_cg_3rd,THE IDOLM@STER CINDERELLA GIRLS 3rdLIVE シンデレラの舞踏会 - Power of Smile -,DAY1,2015-11-28,,v_makuhari_hall911,cg,solo,cast,false,false,false,confirmed,,false,
20151129_cg3rd_d2,t_cg_3rd,THE IDOLM@STER CINDERELLA GIRLS 3rdLIVE シンデレラの舞踏会 - Power of Smile -,DAY2,2015-11-29,,v_makuhari_hall911,cg,solo,cast,false,false,false,confirmed,,false,
20160903_cg4th_kobe_d1,t_cg_4th,THE IDOLM@STER CINDERELLA GIRLS 4thLIVE TriCastle Story,Starlight Castle Day1,2016-09-03,,v_kobe_world,cg,solo,cast,false,false,false,confirmed,,false,
20160904_cg4th_kobe_d2,t_cg_4th,THE IDOLM@STER CINDERELLA GIRLS 4thLIVE TriCastle Story,Starlight Castle Day2,2016-09-04,,v_kobe_world,cg,solo,cast,false,false,false,confirmed,,false,
20161015_cg4th_ssa_d1,t_cg_4th,THE IDOLM@STER CINDERELLA GIRLS 4thLIVE TriCastle Story,Brand new Castle,2016-10-15,,v_saitama_ssa,cg,solo,cast,false,false,false,confirmed,,false,
20161016_cg4th_ssa_d2,t_cg_4th,THE IDOLM@STER CINDERELLA GIRLS 4thLIVE TriCastle Story,346 Castle,2016-10-16,,v_saitama_ssa,cg,solo,cast,false,false,false,confirmed,,false,
20170513_cg5th_miyagi_d1,t_cg_5th,THE IDOLM@STER CINDERELLA GIRLS 5thLIVE TOUR Serendipity Parade!!!,宮城 DAY1,2017-05-13,,v_sekisui_miyagi,cg,solo,cast,false,false,false,confirmed,,false,
20170514_cg5th_miyagi_d2,t_cg_5th,THE IDOLM@STER CINDERELLA GIRLS 5thLIVE TOUR Serendipity Parade!!!,宮城 DAY2,2017-05-14,,v_sekisui_miyagi,cg,solo,cast,false,false,false,confirmed,,false,
20170527_cg5th_ishikawa_d1,t_cg_5th,THE IDOLM@STER CINDERELLA GIRLS 5thLIVE TOUR Serendipity Parade!!!,石川 DAY1,2017-05-27,,v_ishikawa_pref,cg,solo,cast,false,false,false,confirmed,,false,
20170528_cg5th_ishikawa_d2,t_cg_5th,THE IDOLM@STER CINDERELLA GIRLS 5thLIVE TOUR Serendipity Parade!!!,石川 DAY2,2017-05-28,,v_ishikawa_pref,cg,solo,cast,false,false,false,confirmed,,false,
20170609_cg5th_osaka_d1,t_cg_5th,THE IDOLM@STER CINDERELLA GIRLS 5thLIVE TOUR Serendipity Parade!!!,大阪 DAY1,2017-06-09,,v_osakajo_hall,cg,solo,cast,false,false,false,confirmed,,false,
20170610_cg5th_osaka_d2,t_cg_5th,THE IDOLM@STER CINDERELLA GIRLS 5thLIVE TOUR Serendipity Parade!!!,大阪 DAY2,2017-06-10,,v_osakajo_hall,cg,solo,cast,false,false,false,confirmed,,false,
20170624_cg5th_shizuoka_d1,t_cg_5th,THE IDOLM@STER CINDERELLA GIRLS 5thLIVE TOUR Serendipity Parade!!!,静岡 DAY1,2017-06-24,,v_ecopa,cg,solo,cast,false,false,false,confirmed,,false,
20170625_cg5th_shizuoka_d2,t_cg_5th,THE IDOLM@STER CINDERELLA GIRLS 5thLIVE TOUR Serendipity Parade!!!,静岡 DAY2,2017-06-25,,v_ecopa,cg,solo,cast,false,false,false,confirmed,,false,
20170708_cg5th_makuhari_d1,t_cg_5th,THE IDOLM@STER CINDERELLA GIRLS 5thLIVE TOUR Serendipity Parade!!!,幕張 DAY1,2017-07-08,,v_makuhari,cg,solo,cast,false,false,false,confirmed,,false,
20170709_cg5th_makuhari_d2,t_cg_5th,THE IDOLM@STER CINDERELLA GIRLS 5thLIVE TOUR Serendipity Parade!!!,幕張 DAY2,2017-07-09,,v_makuhari,cg,solo,cast,false,false,false,confirmed,,false,
20170729_cg5th_fukuoka_d1,t_cg_5th,THE IDOLM@STER CINDERELLA GIRLS 5thLIVE TOUR Serendipity Parade!!!,福岡 DAY1,2017-07-29,,v_nishi_japan_hall,cg,solo,cast,false,false,false,confirmed,,false,
20170730_cg5th_fukuoka_d2,t_cg_5th,THE IDOLM@STER CINDERELLA GIRLS 5thLIVE TOUR Serendipity Parade!!!,福岡 DAY2,2017-07-30,,v_nishi_japan_hall,cg,solo,cast,false,false,false,confirmed,,false,
20170812_cg5th_ssa_d1,t_cg_5th,THE IDOLM@STER CINDERELLA GIRLS 5thLIVE TOUR Serendipity Parade!!!,SSA DAY1,2017-08-12,,v_saitama_ssa,cg,solo,cast,false,false,false,confirmed,,false,
20170813_cg5th_ssa_d2,t_cg_5th,THE IDOLM@STER CINDERELLA GIRLS 5thLIVE TOUR Serendipity Parade!!!,SSA DAY2,2017-08-13,,v_saitama_ssa,cg,solo,cast,false,false,false,confirmed,,false,
20180303_cg_spring2018_d1,t_cg_spring2018,アイドルマスター シンデレラガールズ劇場 すぷりんぐふぇすてぃばる 2018,DAY1,2018-03-03,,v_maihama_amphitheater,cg,event,cast,false,false,false,confirmed,,false,
20180304_cg_spring2018_d2,t_cg_spring2018,アイドルマスター シンデレラガールズ劇場 すぷりんぐふぇすてぃばる 2018,DAY2,2018-03-04,,v_maihama_amphitheater,cg,event,cast,false,false,false,confirmed,,false,
20180908_cg_ss3a_d1,t_cg_ss3a,THE IDOLM@STER CINDERELLA GIRLS SS3A Live Sound Booth♪,DAY1,2018-09-08,,v_yamada_green,cg,solo,cast,false,false,false,confirmed,,false,
20180909_cg_ss3a_d2,t_cg_ss3a,THE IDOLM@STER CINDERELLA GIRLS SS3A Live Sound Booth♪,DAY2,2018-09-09,,v_yamada_green,cg,solo,cast,false,false,false,confirmed,,false,
20181110_cg6th_metlife_d1,t_cg_6th,THE IDOLM@STER CINDERELLA GIRLS 6thLIVE MERRY-GO-ROUNDOME!!!,メットライフドーム DAY1,2018-11-10,,v_metlife_dome,cg,solo,cast,false,false,false,confirmed,,false,
20181111_cg6th_metlife_d2,t_cg_6th,THE IDOLM@STER CINDERELLA GIRLS 6thLIVE MERRY-GO-ROUNDOME!!!,メットライフドーム DAY2,2018-11-11,,v_metlife_dome,cg,solo,cast,false,false,false,confirmed,,false,
20181201_cg6th_nagoya_d1,t_cg_6th,THE IDOLM@STER CINDERELLA GIRLS 6thLIVE MERRY-GO-ROUNDOME!!!,ナゴヤドーム DAY1,2018-12-01,,v_nagoya_dome,cg,solo,cast,false,false,false,confirmed,,false,
20181202_cg6th_nagoya_d2,t_cg_6th,THE IDOLM@STER CINDERELLA GIRLS 6thLIVE MERRY-GO-ROUNDOME!!!,ナゴヤドーム DAY2,2018-12-02,,v_nagoya_dome,cg,solo,cast,false,false,false,confirmed,,false,
20190903_cg7th_comicalpops_d1,t_cg_7th_comical,THE IDOLM@STER CINDERELLA GIRLS 7thLIVE TOUR Special 3chord♪ Comical Pops!,1日目,2019-09-03,,v_makuhari_hall911,cg,solo,cast,false,false,false,confirmed,,false,
20190904_cg7th_comicalpops_d2,t_cg_7th_comical,THE IDOLM@STER CINDERELLA GIRLS 7thLIVE TOUR Special 3chord♪ Comical Pops!,2日目,2019-09-04,,v_makuhari_hall911,cg,solo,cast,false,false,false,confirmed,,false,
20191109_cg7th_funkydancing_d1,t_cg_7th_funky,THE IDOLM@STER CINDERELLA GIRLS 7thLIVE TOUR Special 3chord♪ Funky Dancing!,DAY1,2019-11-09,,v_nagoya_dome,cg,solo,cast,false,false,false,confirmed,,false,
20191110_cg7th_funkydancing_d2,t_cg_7th_funky,THE IDOLM@STER CINDERELLA GIRLS 7thLIVE TOUR Special 3chord♪ Funky Dancing!,DAY2,2019-11-10,,v_nagoya_dome,cg,solo,cast,false,false,false,confirmed,,false,
20200215_cg7th_glowingrock_d1,t_cg_7th_glowing,THE IDOLM@STER CINDERELLA GIRLS 7thLIVE TOUR Special 3chord♪ Glowing Rock!,DAY1,2020-02-15,,v_kyocera_dome,cg,solo,cast,false,false,false,confirmed,,false,
20200216_cg7th_glowingrock_d2,t_cg_7th_glowing,THE IDOLM@STER CINDERELLA GIRLS 7thLIVE TOUR Special 3chord♪ Glowing Rock!,DAY2,2020-02-16,,v_kyocera_dome,cg,solo,cast,false,false,false,confirmed,,false,
20211002_cg10th_merrymland_d1,t_cg_10th_mm,THE IDOLM@STER CINDERELLA GIRLS 10th ANNIVERSARY M@GICAL WONDERLAND TOUR!!! MerryMaerchen Land,DAY1,2021-10-02,,v_nishi_japan_hall,cg,solo,cast,false,false,false,confirmed,,false,
20211003_cg10th_merrymland_d2,t_cg_10th_mm,THE IDOLM@STER CINDERELLA GIRLS 10th ANNIVERSARY M@GICAL WONDERLAND TOUR!!! MerryMaerchen Land,DAY2,2021-10-03,,v_nishi_japan_hall,cg,solo,cast,false,false,false,confirmed,,false,
20211127_cg10th_celebrationland_d1,t_cg_10th_cl,THE IDOLM@STER CINDERELLA GIRLS 10th ANNIVERSARY M@GICAL WONDERLAND TOUR!!! Celebration Land,DAY1,2021-11-27,,v_makuhari,cg,solo,cast,false,false,false,confirmed,,false,
20211128_cg10th_celebrationland_d2,t_cg_10th_cl,THE IDOLM@STER CINDERELLA GIRLS 10th ANNIVERSARY M@GICAL WONDERLAND TOUR!!! Celebration Land,DAY2,2021-11-28,,v_makuhari,cg,solo,cast,false,false,false,confirmed,,false,
20211225_cg10th_cosmostarland_d1,t_cg_10th_cs,THE IDOLM@STER CINDERELLA GIRLS 10th ANNIVERSARY M@GICAL WONDERLAND TOUR!!! CosmoStar Land,DAY1,2021-12-25,,v_aichi_sky_expo,cg,solo,cast,false,false,false,confirmed,,false,
20211226_cg10th_cosmostarland_d2,t_cg_10th_cs,THE IDOLM@STER CINDERELLA GIRLS 10th ANNIVERSARY M@GICAL WONDERLAND TOUR!!! CosmoStar Land,DAY2,2021-12-26,,v_aichi_sky_expo,cg,solo,cast,false,false,false,confirmed,,false,
20220129_cg10th_tropicalland_d1,t_cg_10th_tl,THE IDOLM@STER CINDERELLA GIRLS 10th ANNIVERSARY M@GICAL WONDERLAND TOUR!!! Tropical Land,DAY1,2022-01-29,,v_makuhari,cg,solo,cast,true,true,false,confirmed,,false,無観客配信
20220130_cg10th_tropicalland_d2,t_cg_10th_tl,THE IDOLM@STER CINDERELLA GIRLS 10th ANNIVERSARY M@GICAL WONDERLAND TOUR!!! Tropical Land,DAY2,2022-01-30,,v_makuhari,cg,solo,cast,true,true,false,confirmed,,false,無観客配信
20220402_cg10th_final_d1,t_cg_10th_final,THE IDOLM@STER CINDERELLA GIRLS 10th ANNIVERSARY M@GICAL WONDERLAND!!!,DAY1,2022-04-02,,v_belluna_dome,cg,solo,cast,false,false,false,confirmed,,false,
20220403_cg10th_final_d2,t_cg_10th_final,THE IDOLM@STER CINDERELLA GIRLS 10th ANNIVERSARY M@GICAL WONDERLAND!!!,DAY2,2022-04-03,,v_belluna_dome,cg,solo,cast,false,false,false,confirmed,,false,
20220903_cg_like4live_d1,t_cg_like4live,THE IDOLM@STER CINDERELLA GIRLS LIKE4LIVE #cg_ootd,DAY1,2022-09-03,,v_nippon_gaishi,cg,solo,cast,false,false,false,confirmed,,false,
20220904_cg_like4live_d2,t_cg_like4live,THE IDOLM@STER CINDERELLA GIRLS LIKE4LIVE #cg_ootd,DAY2,2022-09-04,,v_nippon_gaishi,cg,solo,cast,false,false,false,confirmed,,false,
20221126_cg_twinklelive_d1,t_cg_twinklelive,THE IDOLM@STER CINDERELLA GIRLS Twinkle LIVE Constellation Gradation,DAY1,2022-11-26,,v_belluna_dome,cg,solo,cast,false,false,false,confirmed,,false,
20221127_cg_twinklelive_d2,t_cg_twinklelive,THE IDOLM@STER CINDERELLA GIRLS Twinkle LIVE Constellation Gradation,DAY2,2022-11-27,,v_belluna_dome,cg,solo,cast,false,false,false,confirmed,,false,
20240203_cg_connectrip_yamagata_noon,t_cg_connectrip,THE IDOLM@STER CINDERELLA GIRLS UNIT LIVE TOUR ConnecTrip! 山形公演,山形 昼公演,2024-02-03,,v_yamagin_hall,cg,unit,cast,false,false,false,confirmed,,false,
20240203_cg_connectrip_yamagata_night,t_cg_connectrip,THE IDOLM@STER CINDERELLA GIRLS UNIT LIVE TOUR ConnecTrip! 山形公演,山形 夜公演,2024-02-03,,v_yamagin_hall,cg,unit,cast,false,false,false,confirmed,,false,
20240310_cg_connectrip_iwate_noon,t_cg_connectrip,THE IDOLM@STER CINDERELLA GIRLS UNIT LIVE TOUR ConnecTrip! 岩手公演,岩手 昼公演,2024-03-10,,v_tosai_hall,cg,unit,cast,false,false,false,confirmed,,false,
20240310_cg_connectrip_iwate_night,t_cg_connectrip,THE IDOLM@STER CINDERELLA GIRLS UNIT LIVE TOUR ConnecTrip! 岩手公演,岩手 夜公演,2024-03-10,,v_tosai_hall,cg,unit,cast,false,false,false,confirmed,,false,
20240406_cg_connectrip_osaka_noon,t_cg_connectrip,THE IDOLM@STER CINDERELLA GIRLS UNIT LIVE TOUR ConnecTrip! 大阪公演,大阪 昼公演,2024-04-06,,v_zepp_osaka,cg,unit,cast,false,false,false,confirmed,,false,
20240406_cg_connectrip_osaka_night,t_cg_connectrip,THE IDOLM@STER CINDERELLA GIRLS UNIT LIVE TOUR ConnecTrip! 大阪公演,大阪 夜公演,2024-04-06,,v_zepp_osaka,cg,unit,cast,false,false,false,confirmed,,false,
20240519_cg_connectrip_fukuoka_noon,t_cg_connectrip,THE IDOLM@STER CINDERELLA GIRLS UNIT LIVE TOUR ConnecTrip! 福岡公演,福岡 昼公演,2024-05-19,,v_zepp_fukuoka,cg,unit,cast,false,false,false,confirmed,,false,
20240519_cg_connectrip_fukuoka_night,t_cg_connectrip,THE IDOLM@STER CINDERELLA GIRLS UNIT LIVE TOUR ConnecTrip! 福岡公演,福岡 夜公演,2024-05-19,,v_zepp_fukuoka,cg,unit,cast,false,false,false,confirmed,,false,
20240601_cg_connectrip_tokyo_noon,t_cg_connectrip,THE IDOLM@STER CINDERELLA GIRLS UNIT LIVE TOUR ConnecTrip! 東京公演,東京 昼公演,2024-06-01,,v_zepp_tokyo,cg,unit,cast,false,false,false,confirmed,,false,
20240601_cg_connectrip_tokyo_night,t_cg_connectrip,THE IDOLM@STER CINDERELLA GIRLS UNIT LIVE TOUR ConnecTrip! 東京公演,東京 夜公演,2024-06-01,,v_zepp_tokyo,cg,unit,cast,false,false,false,confirmed,,false,
20240616_cg_connectrip_ishikawa_noon,t_cg_connectrip,THE IDOLM@STER CINDERELLA GIRLS UNIT LIVE TOUR ConnecTrip! 石川公演,石川 昼公演,2024-06-16,,v_honda_mori,cg,unit,cast,false,false,false,confirmed,,false,
20240616_cg_connectrip_ishikawa_night,t_cg_connectrip,THE IDOLM@STER CINDERELLA GIRLS UNIT LIVE TOUR ConnecTrip! 石川公演,石川 夜公演,2024-06-16,,v_honda_mori,cg,unit,cast,false,false,false,confirmed,,false,
20060723_765as_1st_anniversary,t_765as_1st_anniversary,THE IDOLM@STER 1st ANNIVERSARY LIVE,,2006-07-23,,v_studio_coast,765as,solo,cast,false,false,false,confirmed,,false,
20070401_765as_allstar2007,t_765as_allstar2007,THE IDOLM@STER ALL STAR LIVE 2007,,2007-04-01,,v_zepp_tokyo_old,765as,solo,cast,false,false,false,confirmed,,false,
20071028_765as_greatparty_tokyo,t_765as_greatparty,Go to the NEXTSTAGE!! THE IDOLM@STER GREAT PARTY ＠TOKYO,,2007-10-28,,v_shibuya_oeast,765as,solo,cast,false,false,false,confirmed,,false,
20071103_765as_greatparty_osaka,t_765as_greatparty,Go to the NEXTSTAGE!! THE IDOLM@STER GREAT PARTY ＠OSAKA,,2007-11-03,,v_bigcat_osaka,765as,solo,cast,false,false,false,confirmed,,false,
20071104_765as_greatparty_tokyoplus,t_765as_greatparty,Go to the NEXTSTAGE!! THE IDOLM@STER GREAT PARTY @TOKYO＋,,2007-11-04,,v_shibuya_oeast,765as,solo,cast,false,false,false,confirmed,,false,
20080727_765as_3rd_anniversary,t_765as_3rd_anniversary,Go to the NEW STAGE! THE IDOLM@STER 3rd ANNIVERSARY LIVE,,2008-07-27,,v_pacifico_yokohama,765as,solo,cast,false,false,false,confirmed,,false,
20090517_765as_4th_nagoya,t_765as_4th_anniversary,THE IDOLM@STER 4th ANNIVERSARY PARTY SPECIAL DREAM TOUR'S!! IN NAGOYA,,2009-05-17,,v_diamond_hall,765as,solo,cast,false,false,false,confirmed,,false,
20090524_765as_4th_fukuoka,t_765as_4th_anniversary,THE IDOLM@STER 4th ANNIVERSARY PARTY SPECIAL DREAM TOUR'S!! IN FUKUOKA,,2009-05-24,,v_fukuoka_logos,765as,solo,cast,false,false,false,confirmed,,false,
20090530_765as_4th_tokyo,t_765as_4th_anniversary,THE IDOLM@STER 4th ANNIVERSARY PARTY SPECIAL DREAM TOUR'S!! IN TOKYO,,2009-05-30,,v_jcb_hall,765as,solo,cast,false,false,false,confirmed,,false,
20090723_765as_4th_osaka,t_765as_4th_anniversary,THE IDOLM@STER 4th ANNIVERSARY PARTY SPECIAL DREAM TOUR'S!! IN OSAKA,,2009-07-23,,v_namba_hatch,765as,solo,cast,false,false,false,confirmed,,false,
20091223_765as_xmas2009,t_765as_xmas2009,THE IDOLM@STER 2009 H@ppy Christm@s P@rty!!,,2009-12-23,,v_studio_coast,765as,solo,cast,false,false,false,confirmed,,false,
20100703_765as_5th_d1,t_765as_5th_anniversary,THE IDOLM@STER 5th ANNIVERSARY The world is all one !! DAY1,,2010-07-03,,v_makuhari,765as,solo,cast,false,false,false,confirmed,,false,
20100704_765as_5th_d2,t_765as_5th_anniversary,THE IDOLM@STER 5th ANNIVERSARY The world is all one !! DAY2,,2010-07-04,,v_makuhari,765as,solo,cast,false,false,false,confirmed,,false,
20110110_765as_newyear2011,t_765as_newyear2011,THE IDOLM@STER 2 765pro H@PPINESS NEW YE@R P@RTY !! 2011,,2011-01-10,,v_pacifico_yokohama,765as,solo,cast,false,false,false,confirmed,,false,
20110625_765as_6th_tokyo,t_765as_6th_anniversary,THE IDOLM@STER 6th ANNIVERSARY SMILE SUMMER FESTIV@L ! 東京公演,,2011-06-25,,v_tdch,765as,solo,cast,false,false,false,confirmed,,false,
20110702_765as_6th_sapporo,t_765as_6th_anniversary,THE IDOLM@STER 6th ANNIVERSARY SMILE SUMMER FESTIV@L ! 札幌公演,,2011-07-02,,v_zepp_sapporo,765as,solo,cast,false,false,false,confirmed,,false,
20110709_765as_6th_nagoya,t_765as_6th_anniversary,THE IDOLM@STER 6th ANNIVERSARY SMILE SUMMER FESTIV@L ! 名古屋公演,,2011-07-09,,v_zepp_nagoya,765as,solo,cast,false,false,false,confirmed,,false,
20110716_765as_6th_fukuoka,t_765as_6th_anniversary,THE IDOLM@STER 6th ANNIVERSARY SMILE SUMMER FESTIV@L ! 福岡公演,,2011-07-16,,v_zepp_fukuoka_old,765as,solo,cast,false,false,false,confirmed,,false,
20110723_765as_6th_osaka,t_765as_6th_anniversary,THE IDOLM@STER 6th ANNIVERSARY SMILE SUMMER FESTIV@L ! 大阪公演,,2011-07-23,,v_zepp_osaka_old,765as,solo,cast,false,false,false,confirmed,,false,
20120115_765as_winter_carnival_day,t_765as_winter_carnival,THE IDOLM@STER WINTER C@RNIVAL! Daytime C@RNIVAL!,昼公演,2012-01-15,,v_shibuya_oeast,765as,solo,cast,false,false,false,confirmed,,false,
20120115_765as_winter_carnival_night,t_765as_winter_carnival,THE IDOLM@STER WINTER C@RNIVAL! Night C@RNIVAL!,夜公演,2012-01-15,,v_shibuya_oeast,765as,solo,cast,false,false,false,confirmed,,false,
20120623_765as_7th_d1,t_765as_7th_anniversary,THE IDOLM@STER 7th ANNIVERSARY 765PRO ALLSTARS みんなといっしょに!,DAY1,2012-06-23,,v_yokohama_arena,765as,solo,cast,false,false,false,confirmed,,false,セトリ両日共通
20120624_765as_7th_d2,t_765as_7th_anniversary,THE IDOLM@STER 7th ANNIVERSARY 765PRO ALLSTARS みんなといっしょに!,DAY2,2012-06-24,,v_yokohama_arena,765as,solo,cast,false,false,false,confirmed,,false,セトリ両日共通
20130210_765as_mfw_day,t_765as_music_festival_winter,THE IDOLM@STER MUSIC FESTIV@L OF WINTER!! Day Time公演,昼公演,2013-02-10,,v_makuhari,765as,solo,cast,false,false,false,confirmed,,false,昼夜セトリ共通
20130210_765as_mfw_night,t_765as_music_festival_winter,THE IDOLM@STER MUSIC FESTIV@L OF WINTER!! Night Time公演,夜公演,2013-02-10,,v_makuhari,765as,solo,cast,false,false,false,confirmed,,false,昼夜セトリ共通
20130707_765as_8th_nagoya,t_765as_8th_anniversary,THE IDOLM@STER 8th ANNIVERSARY HOP!STEP!!FESTIV@L!!! @NAGOYA0707,,2013-07-07,,v_zepp_nagoya,765as,solo,cast,false,false,false,confirmed,,false,
20130720_765as_8th_osaka_d1,t_765as_8th_anniversary,THE IDOLM@STER 8th ANNIVERSARY HOP!STEP!!FESTIV@L!!! @OSAKA0720,DAY1,2013-07-20,,v_osaka_orix,765as,solo,cast,false,false,false,confirmed,,false,
20130721_765as_8th_osaka_d2,t_765as_8th_anniversary,THE IDOLM@STER 8th ANNIVERSARY HOP!STEP!!FESTIV@L!!! @OSAKA0721,DAY2,2013-07-21,,v_osaka_orix,765as,solo,cast,false,false,false,confirmed,,false,
20130804_765as_8th_yokohama,t_765as_8th_anniversary,THE IDOLM@STER 8th ANNIVERSARY HOP!STEP!!FESTIV@L!!! @YOKOHAMA0804,,2013-08-04,,v_pacifico_yokohama,765as,solo,cast,false,false,false,confirmed,,false,
20130915_765as_8th_fukuoka,t_765as_8th_anniversary,THE IDOLM@STER 8th ANNIVERSARY HOP!STEP!!FESTIV@L!!! @FUKUOKA0915,,2013-09-15,,v_zepp_fukuoka_old,765as,solo,cast,false,false,false,confirmed,,false,
20130921_765as_8th_makuhari_d1,t_765as_8th_anniversary,THE IDOLM@STER 8th ANNIVERSARY HOP!STEP!!FESTIV@L!!! @MAKUHARI0921,DAY1,2013-09-21,,v_makuhari,765as,solo,cast,false,false,false,confirmed,,false,セトリ両日共通
20130922_765as_8th_makuhari_d2,t_765as_8th_anniversary,THE IDOLM@STER 8th ANNIVERSARY HOP!STEP!!FESTIV@L!!! @MAKUHARI0922,DAY2,2013-09-22,,v_makuhari,765as,solo,cast,false,false,false,confirmed,,false,セトリ両日共通
20140802_765as_9th_osaka_d1,t_765as_9th_anniversary,THE IDOLM@STER 9th ANNIVERSARY WE ARE M@STERPIECE!! 大阪公演,DAY1,2014-08-02,,v_intex_osaka,765as,solo,cast,false,false,false,confirmed,,false,
20140803_765as_9th_osaka_d2,t_765as_9th_anniversary,THE IDOLM@STER 9th ANNIVERSARY WE ARE M@STERPIECE!! 大阪公演,DAY2,2014-08-03,,v_intex_osaka,765as,solo,cast,false,false,false,confirmed,,false,
20140816_765as_9th_nagoya_d1,t_765as_9th_anniversary,THE IDOLM@STER 9th ANNIVERSARY WE ARE M@STERPIECE!! 名古屋公演,DAY1,2014-08-16,,v_nippon_gaishi,765as,solo,cast,false,false,false,confirmed,,false,
20140817_765as_9th_nagoya_d2,t_765as_9th_anniversary,THE IDOLM@STER 9th ANNIVERSARY WE ARE M@STERPIECE!! 名古屋公演,DAY2,2014-08-17,,v_nippon_gaishi,765as,solo,cast,false,false,false,confirmed,,false,
20141004_765as_9th_tokyo_d1,t_765as_9th_anniversary,THE IDOLM@STER 9th ANNIVERSARY WE ARE M@STERPIECE!! 東京公演,DAY1,2014-10-04,,v_tokyo_gym,765as,solo,cast,false,false,false,confirmed,,false,
20141005_765as_9th_tokyo_d2,t_765as_9th_anniversary,THE IDOLM@STER 9th ANNIVERSARY WE ARE M@STERPIECE!! 東京公演,DAY2,2014-10-05,,v_tokyo_gym,765as,solo,cast,false,false,false,confirmed,,false,
20170128_765as_fun_d1,t_765as_fun_to_new_vision,THE IDOLM@STER PRODUCER MEETING 2017 765PRO ALLSTARS -Fun to the new vision!!- DAY1,DAY1,2017-01-28,,v_tokyo_gym,765as,event,cast,false,false,false,confirmed,,false,
20170129_765as_fun_d2,t_765as_fun_to_new_vision,THE IDOLM@STER PRODUCER MEETING 2017 765PRO ALLSTARS -Fun to the new vision!!- DAY2,DAY2,2017-01-29,,v_tokyo_gym,765as,event,cast,false,false,false,confirmed,,false,
20180804_765as_top_d1,t_765as_what_is_top,THE IDOLM@STER PRODUCER MEETING 2018 What is TOP!!!!!!!!!!!!!? DAY1,DAY1,2018-08-04,,v_makuhari,765as,event,cast,false,false,false,confirmed,,false,
20180805_765as_top_d2,t_765as_what_is_top,THE IDOLM@STER PRODUCER MEETING 2018 What is TOP!!!!!!!!!!!!!? DAY2,DAY2,2018-08-05,,v_makuhari,765as,event,cast,false,false,false,confirmed,,false,
20180430_765as_mr_haruka,t_765as_mr_stage,THE IDOLM@STER MR ST@GE!! MUSIC♪GROOVE☆ 天海春香主演回,天海春香主演,2018-04-30,,v_dmm_vr_theater,765as,solo,xr,false,false,false,confirmed,,false,[2018/4/30][2018/5/2]
20180501_765as_mr_makoto,t_765as_mr_stage,THE IDOLM@STER MR ST@GE!! MUSIC♪GROOVE☆ 菊地真主演回,菊地真主演,2018-05-01,,v_dmm_vr_theater,765as,solo,xr,false,false,false,confirmed,,false,[2018/5/1][2018/5/4][2018/5/11]
20180506_765as_mr_hibiki,t_765as_mr_stage,THE IDOLM@STER MR ST@GE!! MUSIC♪GROOVE☆ 我那覇響主演回,我那覇響主演,2018-05-06,,v_dmm_vr_theater,765as,solo,xr,false,false,false,confirmed,,false,[2018/5/6][2018/5/13][2018/5/19]
20180503_765as_mr_takane,t_765as_mr_stage,THE IDOLM@STER MR ST@GE!! MUSIC♪GROOVE☆ 四条貴音主演回,四条貴音主演,2018-05-03,,v_dmm_vr_theater,765as,solo,xr,false,false,false,confirmed,,false,[2018/5/3][2018/5/20][2018/5/25]
20180505_765as_mr_yukiho,t_765as_mr_stage,THE IDOLM@STER MR ST@GE!! MUSIC♪GROOVE☆ 萩原雪歩主演回,萩原雪歩主演,2018-05-05,,v_dmm_vr_theater,765as,solo,xr,false,false,false,confirmed,,false,[2018/5/5][2018/5/26]
20180512_765as_mr_chihaya,t_765as_mr_stage,THE IDOLM@STER MR ST@GE!! MUSIC♪GROOVE☆ 如月千早主演回,如月千早主演,2018-05-12,,v_dmm_vr_theater,765as,solo,xr,false,false,false,confirmed,,false,[2018/5/12][2018/5/18][2018/5/27]
20190119_765as_hatsuhoshi_d1,t_765as_newyear_hatsuhoshi,THE IDOLM@STER ニューイヤーライブ!! 初星宴舞,DAY1,2019-01-19,,v_makuhari,765as,solo,cast,false,false,false,confirmed,,false,
20190120_765as_hatsuhoshi_d2,t_765as_newyear_hatsuhoshi,THE IDOLM@STER ニューイヤーライブ!! 初星宴舞,DAY2,2019-01-20,,v_makuhari,765as,solo,cast,false,false,false,confirmed,,false,
20191019_bannam_fes_d1,t_bannam_fes_2019,バンダイナムコエンターテインメントフェスティバル,DAY1,2019-10-19,,v_tokyo_dome,crossover,festival,cast,false,false,false,confirmed,,false,
20220709_765as_sunrich_d1,t_765as_sunrich_colorful,THE IDOLM@STER 765PRO ALLSTARS LIVE SUNRICH COLORFUL,DAY1,2022-07-09,,v_makuhari,765as,solo,cast,false,false,false,confirmed,,false,
20220710_765as_sunrich_d2,t_765as_sunrich_colorful,THE IDOLM@STER 765PRO ALLSTARS LIVE SUNRICH COLORFUL,DAY2,2022-07-10,,v_makuhari,765as,solo,cast,false,false,false,confirmed,,false,
20230701_765ml_dreamin_d1n,t_765ml_dreamin_groove,765 MILLIONSTARS LIVE 2023 Dreamin' Groove,DAY1夜,2023-07-01,,v_kanda_square,ml,solo,cast,false,false,false,confirmed,,false,
20230702_765ml_dreamin_d2d,t_765ml_dreamin_groove,765 MILLIONSTARS LIVE 2023 Dreamin' Groove,DAY2昼,2023-07-02,,v_kanda_square,ml,solo,cast,false,false,false,confirmed,,false,
20230702_765ml_dreamin_d2n,t_765ml_dreamin_groove,765 MILLIONSTARS LIVE 2023 Dreamin' Groove,DAY2夜,2023-07-02,,v_kanda_square,ml,solo,cast,false,false,false,confirmed,,false,
20240316_765as_hangetsu_yua,t_765as_hangetsu,菊地 真・萩原 雪歩 twin live "はんげつであえたら" ～友藍～,友藍,2024-03-16,,v_baisia_gunma,765as,solo,cast,false,true,false,confirmed,,false,
20240317_765as_hangetsu_hia,t_765as_hangetsu,菊地 真・萩原 雪歩 twin live "はんげつであえたら" ～悲藍～,悲藍,2024-03-17,,v_baisia_gunma,765as,solo,cast,false,true,false,confirmed,,false,
20240317_765as_hangetsu_jua,t_765as_hangetsu,菊地 真・萩原 雪歩 twin live "はんげつであえたら" ～純藍～,純藍,2024-03-17,,v_baisia_gunma,765as,solo,cast,false,true,false,confirmed,,false,
20240824_961_reframe_moon,t_961_reframe,961 PRODUCTION presents 『Re:FLAME』 Re:MEMBER/MOON,MOON,2024-08-24,,v_rohm_theater_kyoto,961,solo,cast,false,true,false,confirmed,,false,
20240825_961_reframe_star,t_961_reframe,961 PRODUCTION presents 『Re:FLAME』 Re:SIST/STAR,STAR,2024-08-25,,v_rohm_theater_kyoto,961,solo,cast,false,true,false,confirmed,,false,
20240825_961_reframe_sun,t_961_reframe,961 PRODUCTION presents 『Re:FLAME』 Re:FRAME/SUN,SUN,2024-08-25,,v_rohm_theater_kyoto,961,solo,cast,false,true,false,confirmed,,false,
20250201_961_reframe_dawn,t_961_reframe,961 PRODUCTION presents 『Re:FLAME』 追加公演 Re:FRAIN/DAWN,DAWN,2025-02-01,,v_fenichesakai,961,solo,cast,false,true,false,confirmed,,false,
20250201_961_reframe_dusk,t_961_reframe,961 PRODUCTION presents 『Re:FLAME』 追加公演 Re:FLAME/DUSK,DUSK,2025-02-01,,v_fenichesakai,961,solo,cast,false,true,false,confirmed,,false,
20251018_765as_nakayon_egao,t_765as_nakayon,高槻 やよい・水瀬 伊織 twin live "いつまでもなかよし！" えがおだね！,えがおだね！,2025-10-18,,v_mori_hall_matsudo,765as,solo,cast,false,true,false,confirmed,,false,
20251019_765as_nakayon_hyaku,t_765as_nakayon,高槻 やよい・水瀬 伊織 twin live "いつまでもなかよし！" ひゃくねんさきも！,ひゃくねんさきも！,2025-10-19,,v_mori_hall_matsudo,765as,solo,cast,false,true,false,confirmed,,false,
20251019_765as_nakayon_kimi,t_765as_nakayon,高槻 やよい・水瀬 伊織 twin live "いつまでもなかよし！" きみとおはなし！,きみとおはなし！,2025-10-19,,v_mori_hall_matsudo,765as,solo,cast,false,true,false,confirmed,,false,
20240928_valiv_from_now_day,t_valiv_from_now_on,PROJECT IM@S vα-liv PRODUCER MEETING 2024 -FROM NOW ON!!!- 昼公演,昼公演,2024-09-28,,v_garden_shinkiba,valiv,event,cast,false,true,false,confirmed,,false,
20240928_valiv_from_now_eve,t_valiv_from_now_on,PROJECT IM@S vα-liv PRODUCER MEETING 2024 -FROM NOW ON!!!- 夜公演,夜公演,2024-09-28,,v_garden_shinkiba,valiv,event,cast,false,true,false,confirmed,,false,
20250322_valiv_1st_live,t_valiv_1st_live,PROJECT IM@S vα-liv 1stLIVE -HERE WE ARE!!!-,,2025-03-22,,v_zepp_tokyo,valiv,solo,cast,false,false,true,confirmed,,false,
20230722_sc_wamanmama_d1,t_sc_solo_wamanmama,283PRODUCTION SOLO PERFORMANCE LIVE「我儘なまま」,DAY1,2023-07-22,,v_musashino,sc,solo,cast,false,false,false,confirmed,,false,
20230723_sc_wamanmama_d2,t_sc_solo_wamanmama,283PRODUCTION SOLO PERFORMANCE LIVE「我儘なまま」,DAY2,2023-07-23,,v_musashino,sc,solo,cast,false,false,false,confirmed,,false,
20231021_sc_55th_d1,t_sc_55th_hoshiboshi,THE IDOLM@STER SHINY COLORS 5.5th Anniversary LIVE 星が見上げた空,DAY1,2023-10-21,,v_makuhari,sc,solo,cast,false,false,false,confirmed,,false,
20231022_sc_55th_d2,t_sc_55th_hoshiboshi,THE IDOLM@STER SHINY COLORS 5.5th Anniversary LIVE 星が見上げた空,DAY2,2023-10-22,,v_makuhari,sc,solo,cast,false,false,false,confirmed,,false,
20240302_sc_6th_blooms_d1,t_sc_6th_come_unite,THE IDOLM@STER SHINY COLORS 6thLIVE TOUR Come and Unite! Brilliant Blooms,DAY1,2024-03-02,,v_osakajo_hall,sc,solo,cast,false,false,false,confirmed,,false,
20240303_sc_6th_blooms_d2,t_sc_6th_come_unite,THE IDOLM@STER SHINY COLORS 6thLIVE TOUR Come and Unite! Brilliant Blooms,DAY2,2024-03-03,,v_osakajo_hall,sc,solo,cast,false,false,false,confirmed,,false,
20240420_sc_6th_fireworks_d1,t_sc_6th_come_unite,THE IDOLM@STER SHINY COLORS 6thLIVE TOUR Come and Unite! Fantastic Fireworks,DAY1,2024-04-20,,v_k_arena,sc,solo,cast,false,false,false,confirmed,,false,
20240421_sc_6th_fireworks_d2,t_sc_6th_come_unite,THE IDOLM@STER SHINY COLORS 6thLIVE TOUR Come and Unite! Fantastic Fireworks,DAY2,2024-04-21,,v_k_arena,sc,solo,cast,false,false,false,confirmed,,false,
20240727_sc_livefun_d1,t_sc_livefun_btbs,THE IDOLM@STER SHINY COLORS LIVE FUN!! -Beyond the Blue sky-,DAY1,2024-07-27,,v_yokohama_arena,sc,solo,cast,false,false,false,confirmed,,false,
20240728_sc_livefun_d2,t_sc_livefun_btbs,THE IDOLM@STER SHINY COLORS LIVE FUN!! -Beyond the Blue sky-,DAY2,2024-07-28,,v_yokohama_arena,sc,solo,cast,false,false,false,confirmed,,false,
20241005_sc_65th_d1,t_sc_65th_chapter,THE IDOLM@STER SHINY COLORS 6.5th Anniversary LIVE "Chapter 283",DAY1,2024-10-05,,v_musashino,sc,solo,cast,false,false,false,confirmed,,false,
20241006_sc_65th_d2,t_sc_65th_chapter,THE IDOLM@STER SHINY COLORS 6.5th Anniversary LIVE "Chapter 283",DAY2,2024-10-06,,v_musashino,sc,solo,cast,false,false,false,confirmed,,false,
20250111_sc_liminal_never1,t_sc_liminal_marginal,283 Production LIVE Performance [liminal;marginal;eternal] [never;1],[never;1],2025-01-11,,v_tachikawa_garden,sc,solo,cast,false,true,false,confirmed,,false,
20250111_sc_liminal_odd2,t_sc_liminal_marginal,283 Production LIVE Performance [liminal;marginal;eternal] [odd;2],[odd;2],2025-01-11,,v_tachikawa_garden,sc,solo,cast,false,true,false,confirmed,,false,
20250112_sc_liminal_or3,t_sc_liminal_marginal,283 Production LIVE Performance [liminal;marginal;eternal] [or;3],[or;3],2025-01-12,,v_tachikawa_garden,sc,solo,cast,false,true,false,confirmed,,false,
20250112_sc_liminal_even4,t_sc_liminal_marginal,283 Production LIVE Performance [liminal;marginal;eternal] [even;4],[even;4],2025-01-12,,v_tachikawa_garden,sc,solo,cast,false,true,false,confirmed,,false,
20250301_sc_2nd_prism_d1,t_sc_2nd_overtheprism,THE IDOLM@STER SHINY COLORS 2nd season LIVE Over the prism,DAY1,2025-03-01,,v_pia_arena,sc,solo,cast,false,false,false,confirmed,,false,
20250302_sc_2nd_prism_d2,t_sc_2nd_overtheprism,THE IDOLM@STER SHINY COLORS 2nd season LIVE Over the prism,DAY2,2025-03-02,,v_pia_arena,sc,solo,cast,false,false,false,confirmed,,false,
20250510_sc_uka_larva1,t_sc_uka_performance,283 Production LIVE Performance Uka Larva,Larva1,2025-05-10,,v_osaka_orix,sc,solo,cast,false,true,false,confirmed,,false,
20250511_sc_uka_pupa2,t_sc_uka_performance,283 Production LIVE Performance Uka Pupa,Pupa2,2025-05-11,,v_osaka_orix,sc,solo,cast,false,true,false,confirmed,,false,
20250511_sc_uka_imago3,t_sc_uka_performance,283 Production LIVE Performance Uka Imago,Imago3,2025-05-11,,v_osaka_orix,sc,solo,cast,false,true,false,confirmed,,false,
20250621_sc_7th_1q_d1,t_sc_7th_halo_unit,SC 7th 円環 first quadrant,first quadrant DAY1,2025-06-21,,v_fukuoka_intl_center,sc,solo,cast,false,true,false,confirmed,,false,
20250622_sc_7th_1q_d2,t_sc_7th_halo_unit,SC 7th 円環 first quadrant,first quadrant DAY2,2025-06-22,,v_fukuoka_intl_center,sc,solo,cast,false,true,false,confirmed,,false,
20250705_sc_7th_2q_d1,t_sc_7th_halo_unit,SC 7th 円環 second quadrant,second quadrant DAY1,2025-07-05,,v_yokohama_buntai,sc,solo,cast,false,true,false,confirmed,,false,
20250706_sc_7th_2q_d2,t_sc_7th_halo_unit,SC 7th 円環 second quadrant,second quadrant DAY2,2025-07-06,,v_yokohama_buntai,sc,solo,cast,false,true,false,confirmed,,false,
20250809_sc_7th_3q_d1,t_sc_7th_halo_unit,SC 7th 円環 third quadrant,third quadrant DAY1,2025-08-09,,v_aichi_sky_expo,sc,solo,cast,false,true,false,confirmed,,false,
20250810_sc_7th_3q_d2,t_sc_7th_halo_unit,SC 7th 円環 third quadrant,third quadrant DAY2,2025-08-10,,v_aichi_sky_expo,sc,solo,cast,false,true,false,confirmed,,false,
20250927_sc_7th_4q_d1,t_sc_7th_halo_unit,SC 7th 円環 fourth quadrant,fourth quadrant DAY1,2025-09-27,,v_moriun_arena,sc,solo,cast,false,true,false,confirmed,,false,
20250928_sc_7th_4q_d2,t_sc_7th_halo_unit,SC 7th 円環 fourth quadrant,fourth quadrant DAY2,2025-09-28,,v_moriun_arena,sc,solo,cast,false,true,false,confirmed,,false,
20251025_sc_7th_spiral_d1,t_sc_7th_halo_spiral,SC 7th 螺旋 The origin on the axes,DAY1,2025-10-25,,v_k_arena,sc,solo,cast,false,false,false,confirmed,,false,
20251026_sc_7th_spiral_d2,t_sc_7th_halo_spiral,SC 7th 螺旋 The origin on the axes,DAY2,2025-10-26,,v_k_arena,sc,solo,cast,false,false,false,confirmed,,false,
20251227_sc_veil_abnegatio,t_sc_veil_of_order,283 Production MUSICAL 騎士団のヴェール Abnegatio (I),Abnegatio(I),2025-12-27,,v_niterra_civic,sc,solo,xr,false,true,false,confirmed,,false,
20251228_sc_veil_odium,t_sc_veil_of_order,283 Production MUSICAL 騎士団のヴェール Odium (II),Odium(II),2025-12-28,,v_niterra_civic,sc,solo,xr,false,true,false,confirmed,,false,
20251228_sc_veil_cupiditas,t_sc_veil_of_order,283 Production MUSICAL 騎士団のヴェール Cupiditas (III),Cupiditas(III),2025-12-28,,v_niterra_civic,sc,solo,xr,false,true,false,confirmed,,false,
20151206_sm_1st_sun,t_sm_1st,THE IDOLM@STER SideM 1st STAGE～ST@RTING!～ Sun Side,Sun Side（昼）,2015-12-06,,v_maihama_amphitheater,sm,solo,cast,false,false,false,confirmed,,false,
20151206_sm_1st_moon,t_sm_1st,THE IDOLM@STER SideM 1st STAGE～ST@RTING!～ Moon Side,Moon Side（夜）,2015-12-06,,v_maihama_amphitheater,sm,solo,cast,false,false,false,confirmed,,false,
20170211_sm_2nd_shining,t_sm_2nd_origin,THE IDOLM@STER SideM 2nd STAGE ～ORIGIN@L STARS～ Shining Side,Shining Side,2017-02-11,,v_makuhari_hall13,sm,solo,cast,false,false,false,confirmed,,false,
20170212_sm_2nd_brilliant,t_sm_2nd_origin,THE IDOLM@STER SideM 2nd STAGE ～ORIGIN@L STARS～ Brilliant Side,Brilliant Side,2017-02-12,,v_makuhari_hall13,sm,solo,cast,false,false,false,confirmed,,false,
20170402_sm_gtour_hiroshima,t_sm_greeting_btd,THE IDOLM@STER SideM GREETING TOUR 2017 ～BEYOND THE DREAM～ 広島公演,広島公演,2017-04-02,,v_blue_live_hiroshima,sm,solo,cast,false,false,false,confirmed,,false,
20170416_sm_gtour_osaka,t_sm_greeting_btd,THE IDOLM@STER SideM GREETING TOUR 2017 ～BEYOND THE DREAM～ 大阪公演,大阪公演,2017-04-16,,v_osaka_orix,sm,solo,cast,false,false,false,confirmed,,false,
20170506_sm_gtour_aichi1,t_sm_greeting_btd,THE IDOLM@STER SideM GREETING TOUR 2017 ～BEYOND THE DREAM～ 愛知公演1日目,愛知公演1日目,2017-05-06,,v_nagoya_century,sm,solo,cast,false,false,false,confirmed,,false,
20170507_sm_gtour_aichi2,t_sm_greeting_btd,THE IDOLM@STER SideM GREETING TOUR 2017 ～BEYOND THE DREAM～ 愛知公演2日目,愛知公演2日目,2017-05-07,,v_nagoya_century,sm,solo,cast,false,false,false,confirmed,,false,
20170604_sm_gtour_tokyo,t_sm_greeting_btd,THE IDOLM@STER SideM GREETING TOUR 2017 ～BEYOND THE DREAM～ 東京公演,東京公演,2017-06-04,,v_toyosu_pit,sm,solo,cast,false,false,false,confirmed,,false,
20170611_sm_gtour_hokkaido,t_sm_greeting_btd,THE IDOLM@STER SideM GREETING TOUR 2017 ～BEYOND THE DREAM～ 北海道公演,北海道公演,2017-06-11,,v_zepp_sapporo,sm,solo,cast,false,false,false,confirmed,,false,
20170617_sm_gtour_ishikawa,t_sm_greeting_btd,THE IDOLM@STER SideM GREETING TOUR 2017 ～BEYOND THE DREAM～ 石川公演,石川公演,2017-06-17,,v_honda_mori,sm,solo,cast,false,false,false,confirmed,,false,
20180203_sm_3rd_makuhari_d1,t_sm_3rd_glorious,THE IDOLM@STER SideM 3rdLIVE TOUR ～GLORIOUS ST@GE!～ 幕張公演,幕張公演 DAY1,2018-02-03,,v_makuhari_hall13,sm,solo,cast,false,false,false,confirmed,,false,
20180204_sm_3rd_makuhari_d2,t_sm_3rd_glorious,THE IDOLM@STER SideM 3rdLIVE TOUR ～GLORIOUS ST@GE!～ 幕張公演,幕張公演 DAY2,2018-02-04,,v_makuhari_hall13,sm,solo,cast,false,false,false,confirmed,,false,
20180224_sm_3rd_sendai_d1,t_sm_3rd_glorious,THE IDOLM@STER SideM 3rdLIVE TOUR ～GLORIOUS ST@GE!～ 仙台公演,仙台公演 DAY1,2018-02-24,,v_sendai_xebio,sm,solo,cast,false,false,false,confirmed,,false,
20180225_sm_3rd_sendai_d2,t_sm_3rd_glorious,THE IDOLM@STER SideM 3rdLIVE TOUR ～GLORIOUS ST@GE!～ 仙台公演,仙台公演 DAY2,2018-02-25,,v_sendai_xebio,sm,solo,cast,false,false,false,confirmed,,false,
20180325_sm_3rd_fukuoka,t_sm_3rd_glorious,THE IDOLM@STER SideM 3rdLIVE TOUR ～GLORIOUS ST@GE!～ 福岡公演,福岡公演,2018-03-25,,v_nishi_japan_hall,sm,solo,cast,false,false,false,confirmed,,false,
20180428_sm_3rd_shizuoka_d1,t_sm_3rd_glorious,THE IDOLM@STER SideM 3rdLIVE TOUR ～GLORIOUS ST@GE!～ 静岡公演,静岡公演 DAY1,2018-04-28,,v_ecopa,sm,solo,cast,false,false,false,confirmed,,false,
20180429_sm_3rd_shizuoka_d2,t_sm_3rd_glorious,THE IDOLM@STER SideM 3rdLIVE TOUR ～GLORIOUS ST@GE!～ 静岡公演,静岡公演 DAY2,2018-04-29,,v_ecopa,sm,solo,cast,false,false,false,confirmed,,false,
20190315_sm_315pm_d1,t_sm_315pm_sparkling,THE IDOLM@STER SideM PRODUCER MEETING 315 SP@RKLING TIME WITH ALL!!!,1日目,2019-03-15,,v_makuhari_hall13,sm,event,cast,false,false,false,confirmed,,false,
20190316_sm_315pm_d2,t_sm_315pm_sparkling,THE IDOLM@STER SideM PRODUCER MEETING 315 SP@RKLING TIME WITH ALL!!!,2日目,2019-03-16,,v_makuhari_hall13,sm,event,cast,false,false,false,confirmed,,false,
20190317_sm_315pm_d3,t_sm_315pm_sparkling,THE IDOLM@STER SideM PRODUCER MEETING 315 SP@RKLING TIME WITH ALL!!!,3日目,2019-03-17,,v_makuhari_hall13,sm,event,cast,false,false,false,confirmed,,false,
20190511_sm_4th_smile,t_sm_4th_treasure,THE IDOLM@STER SideM 4th STAGE ～TRE@SURE GATE～,DAY1 SMILE PASSPORT,2019-05-11,,v_saitama_ssa,sm,solo,cast,false,false,false,confirmed,,false,
20190512_sm_4th_dream,t_sm_4th_treasure,THE IDOLM@STER SideM 4th STAGE ～TRE@SURE GATE～,DAY2 DREAM PASSPORT,2019-05-12,,v_saitama_ssa,sm,solo,cast,false,false,false,confirmed,,false,
20210313_sm_315pm_garden_d1,t_sm_315pm_garden,THE IDOLM@STER SideM PRODUCER MEETING WELCOME TO PLEASURE 315 G@RDEN!!! DAY1,DAY1,2021-03-13,,v_musashino,sm,event,cast,false,false,false,confirmed,,false,
20210314_sm_315pm_garden_d2,t_sm_315pm_garden,THE IDOLM@STER SideM PRODUCER MEETING WELCOME TO PLEASURE 315 G@RDEN!!! DAY2,DAY2,2021-03-14,,v_musashino,sm,event,cast,false,false,false,confirmed,,false,
20211106_sm_6th_kobe_d1,t_sm_6th_next_dest,THE IDOLM@STER SideM 6thLIVE TOUR ～NEXT DESTIN@TION!～ Side KOBE,Side KOBE DAY1,2021-11-06,,v_kobe_world,sm,solo,cast,false,false,false,confirmed,,false,
20211107_sm_6th_kobe_d2,t_sm_6th_next_dest,THE IDOLM@STER SideM 6thLIVE TOUR ～NEXT DESTIN@TION!～ Side KOBE,Side KOBE DAY2,2021-11-07,,v_kobe_world,sm,solo,cast,false,false,false,confirmed,,false,
20220108_sm_6th_tokyo_d1,t_sm_6th_next_dest,THE IDOLM@STER SideM 6thLIVE TOUR ～NEXT DESTIN@TION!～ Side TOKYO,Side TOKYO DAY1,2022-01-08,,v_yoyogi_1,sm,solo,cast,false,false,false,confirmed,,false,
20220109_sm_6th_tokyo_d2,t_sm_6th_next_dest,THE IDOLM@STER SideM 6thLIVE TOUR ～NEXT DESTIN@TION!～ Side TOKYO,Side TOKYO DAY2,2022-01-09,,v_yoyogi_1,sm,solo,cast,false,false,false,confirmed,,false,
20220416_sm_6th_hokkaido_d1,t_sm_6th_next_dest,THE IDOLM@STER SideM 6thLIVE TOUR ～NEXT DESTIN@TION!～ Side HOKKAIDO,Side HOKKAIDO DAY1,2022-04-16,,v_makomanai_arena,sm,solo,cast,false,false,false,confirmed,,false,
20220417_sm_6th_hokkaido_d2,t_sm_6th_next_dest,THE IDOLM@STER SideM 6thLIVE TOUR ～NEXT DESTIN@TION!～ Side HOKKAIDO,Side HOKKAIDO DAY2,2022-04-17,,v_makomanai_arena,sm,solo,cast,false,false,false,confirmed,,false,
20220312_sm_315pm_passion_d1,t_sm_315pm_passion,THE IDOLM@STER SideM PRODUCER MEETING 315 BE@T OF PASSION FESTIVAL!!! DAY1,DAY1,2022-03-12,,v_musashino,sm,event,cast,false,false,false,confirmed,,false,
20220313_sm_315pm_passion_d2,t_sm_315pm_passion,THE IDOLM@STER SideM PRODUCER MEETING 315 BE@T OF PASSION FESTIVAL!!! DAY2,DAY2,2022-03-13,,v_musashino,sm,event,cast,false,false,false,confirmed,,false,
20220616_sm_drama_stage,t_sm_drama_stage,ドラマチックライブステージ『アイドルマスターSideM』,,2022-06-16,,v_tennozu_galaxy,sm,event,cast,false,false,false,confirmed,,false,
20221001_sm_7th_starlight_d1,t_sm_7th_growglow,THE IDOLM@STER SideM 7th STAGE ～GROW & GLOW～ STARLIGHT SIGN@L,STARLIGHT DAY1,2022-10-01,,v_aichi_sky_expo,sm,solo,cast,false,false,false,confirmed,,false,
20221002_sm_7th_starlight_d2,t_sm_7th_growglow,THE IDOLM@STER SideM 7th STAGE ～GROW & GLOW～ STARLIGHT SIGN@L,STARLIGHT DAY2,2022-10-02,,v_aichi_sky_expo,sm,solo,cast,false,false,false,confirmed,,false,
20221203_sm_7th_sunlight_d1,t_sm_7th_growglow,THE IDOLM@STER SideM 7th STAGE ～GROW & GLOW～ SUNLIGHT SIGN@L,SUNLIGHT DAY1,2022-12-03,,v_yokohama_arena,sm,solo,cast,false,false,false,confirmed,,false,
20221204_sm_7th_sunlight_d2,t_sm_7th_growglow,THE IDOLM@STER SideM 7th STAGE ～GROW & GLOW～ SUNLIGHT SIGN@L,SUNLIGHT DAY2,2022-12-04,,v_yokohama_arena,sm,solo,cast,false,false,false,confirmed,,false,
20230311_sm_reading_choujo_d1,t_sm_reading_choujo,THE IDOLM@STER SideM PASSIONABLE READING SHOW ー超常事変〜対立スル正義〜ー,DAY1,2023-03-11,,v_musashino,sm,event,cast,false,false,false,confirmed,,false,
20230312_sm_reading_choujo_d2,t_sm_reading_choujo,THE IDOLM@STER SideM PASSIONABLE READING SHOW ー超常事変〜対立スル正義〜ー,DAY2,2023-03-12,,v_musashino,sm,event,cast,false,false,false,confirmed,,false,
20231028_sm_8th_allhands_d1,t_sm_8th_allhands,THE IDOLM@STER SideM 8th STAGE 〜ALL H@NDS TOGETHER〜,DAY1 CATCH MY H@NDS,2023-10-28,,v_k_arena,sm,solo,cast,false,false,false,confirmed,,false,
20231029_sm_8th_allhands_d2,t_sm_8th_allhands,THE IDOLM@STER SideM 8th STAGE 〜ALL H@NDS TOGETHER〜,DAY2 CLAP OUR H@NDS,2023-10-29,,v_k_arena,sm,solo,cast,false,false,false,confirmed,,false,
20240210_sm_reading_tenchishishin_d1,t_sm_reading_tenchishishin,THE IDOLM@STER SideM PASSIONABLE READING SHOW 〜天地四心伝〜,DAY1,2024-02-10,,v_makuhari_hall911,sm,event,cast,false,false,false,confirmed,,false,
20240211_sm_reading_tenchishishin_d2,t_sm_reading_tenchishishin,THE IDOLM@STER SideM PASSIONABLE READING SHOW 〜天地四心伝〜,DAY2,2024-02-11,,v_makuhari_hall911,sm,event,cast,false,false,false,confirmed,,false,
20240713_sm_9th_miracircle_d1,t_sm_9th_miracircle,THE IDOLM@STER SideM 9th STAGE 〜MIR@-CIRCLE CRESCENDO〜,DAY1,2024-07-13,,v_makuhari_hall911,sm,solo,cast,false,false,false,confirmed,,false,
20240714_sm_9th_miracircle_d2,t_sm_9th_miracircle,THE IDOLM@STER SideM 9th STAGE 〜MIR@-CIRCLE CRESCENDO〜,DAY2,2024-07-14,,v_makuhari_hall911,sm,solo,cast,false,false,false,confirmed,,false,
20230709_sm_fancom_bp_kana,t_sm_fancom_bp,315 Production presents F@NTASTIC COMBINATION LIVE ～BRAINPOWER!!～,神奈川公演,2023-07-09,,v_kanagawa_kenmin,sm,event,cast,false,false,false,confirmed,,false,
20231117_sm_fancom_bp_maku,t_sm_fancom_bp,315 Production presents F@NTASTIC COMBINATION LIVE ～BRAINPOWER!!～,幕張公演,2023-11-17,,v_makuhari_hall910,sm,event,cast,false,false,false,confirmed,,false,
20231118_sm_fancom_ct_da,t_sm_fancom_ct,315 Production presents F@NTASTIC COMBINATION LIVE 〜CONNECTIME!!!!〜 DIMENSION ARROW,DIMENSION ARROW 昼・夜,2023-11-18,,v_makuhari_hall910,sm,event,cast,false,false,false,confirmed,,false,
20231119_sm_fancom_ct_hc,t_sm_fancom_ct,315 Production presents F@NTASTIC COMBINATION LIVE 〜CONNECTIME!!!!〜 共鳴和音,共鳴和音 昼・夜,2023-11-19,,v_makuhari_hall910,sm,event,cast,false,false,false,confirmed,,false,
20240413_sm_fancom_hm_bm,t_sm_fancom_hm,315 Production presents F@NTASTIC COMBINATION LIVE 〜HEARTMAKER!!!!〜 BELIEVER'S MATCH,BELIEVER'S MATCH 昼・夜,2024-04-13,,v_makuhari_hall13,sm,event,cast,false,false,false,confirmed,,false,
20240414_sm_fancom_hm_sw,t_sm_fancom_hm,315 Production presents F@NTASTIC COMBINATION LIVE 〜HEARTMAKER!!!!〜 SPIRIT'S WAY,SPIRIT'S WAY 昼・夜,2024-04-14,,v_makuhari_hall13,sm,event,cast,false,false,false,confirmed,,false,
20241201_sm_fancom_pt_day,t_sm_fancom_pt,315 Production presents F@NTASTIC COMBINATION LIVE 〜PINATATIME!!〜,昼公演,2024-12-01,,v_yokohama_buntai,sm,event,cast,false,false,false,confirmed,,false,
20241201_sm_fancom_pt_night,t_sm_fancom_pt,315 Production presents F@NTASTIC COMBINATION LIVE 〜PINATATIME!!〜,夜公演,2024-12-01,,v_yokohama_buntai,sm,event,cast,false,false,false,confirmed,,false,
20250517_sm_fancom_cor_day,t_sm_fancom_cor,315 Production presents F@NTASTIC COMBINATION LIVE ～CHOCOFFICERANGER!!～,昼公演,2025-05-17,,v_makuhari_hall13,sm,event,cast,false,false,false,confirmed,,false,
20250517_sm_fancom_cor_night,t_sm_fancom_cor,315 Production presents F@NTASTIC COMBINATION LIVE ～CHOCOFFICERANGER!!～,夜公演,2025-05-17,,v_makuhari_hall13,sm,event,cast,false,false,false,confirmed,,false,
20250518_sm_fancom_atozt_day,t_sm_fancom_atozt,315 Production presents F@NTASTIC COMBINATION LIVE ～AtoZto!!～,昼公演,2025-05-18,,v_makuhari_hall13,sm,event,cast,false,false,false,confirmed,,false,
20250518_sm_fancom_atozt_night,t_sm_fancom_atozt,315 Production presents F@NTASTIC COMBINATION LIVE ～AtoZto!!～,夜公演,2025-05-18,,v_makuhari_hall13,sm,event,cast,false,false,false,confirmed,,false,
20241103_sm_10th_meeting_ehime,t_sm_10th_meeting,THE IDOLM@STER SideM 10th ANNIVERSARY MEETING ～P@SSION BANG!!!～,愛媛公演 昼・夜,2024-11-03,,v_matsuyama_shimin,sm,event,cast,false,false,false,confirmed,,false,
20241222_sm_10th_meeting_kumamoto,t_sm_10th_meeting,THE IDOLM@STER SideM 10th ANNIVERSARY MEETING ～P@SSION SPARKS!!!～,熊本公演 昼・夜,2024-12-22,,v_kumamoto_castle_hall,sm,event,cast,false,false,false,confirmed,,false,
20250208_sm_10th_meeting_osaka_d1,t_sm_10th_meeting,THE IDOLM@STER SideM 10th ANNIVERSARY MEETING ～P@SSION SUNDAE!!!～,DAY1,2025-02-08,,v_osaka_orix,sm,event,cast,false,false,false,confirmed,,false,
20250209_sm_10th_meeting_osaka_d2_day,t_sm_10th_meeting,THE IDOLM@STER SideM 10th ANNIVERSARY MEETING ～P@SSION SUNDAE!!!～,DAY2 昼公演,2025-02-09,,v_osaka_orix,sm,event,cast,false,false,false,confirmed,,false,
20250209_sm_10th_meeting_osaka_d2_night,t_sm_10th_meeting,THE IDOLM@STER SideM 10th ANNIVERSARY MEETING ～P@SSION SUNDAE!!!～,DAY2 夜公演,2025-02-09,,v_osaka_orix,sm,event,cast,false,false,false,confirmed,,false,
20250315_sm_10th_meeting_maku_d1,t_sm_10th_meeting_maku,THE IDOLM@STER SideM 10th ANNIVERSARY MEETING ～P@SSION UP!!!～,DAY1,2025-03-15,,v_makuhari_hall13,sm,event,cast,false,false,false,confirmed,,false,
20250316_sm_10th_meeting_maku_d2,t_sm_10th_meeting_maku,THE IDOLM@STER SideM 10th ANNIVERSARY MEETING ～P@SSION UP!!!～,DAY2,2025-03-16,,v_makuhari_hall13,sm,event,cast,false,false,false,confirmed,,false,
20250712_sm_10th_stage_d1,t_sm_10th_stage,THE IDOLM@STER SideM 10th ANNIVERSARY ST@GE ～P@SSION-ING!!!～,DAY1,2025-07-12,,v_k_arena,sm,solo,cast,false,false,false,confirmed,,false,
20250713_sm_10th_stage_d2,t_sm_10th_stage,THE IDOLM@STER SideM 10th ANNIVERSARY ST@GE ～P@SSION-ING!!!～,DAY2,2025-07-13,,v_k_arena,sm,solo,cast,false,false,false,confirmed,,false,
20251004_sm_wgf_maku_d1_day,t_sm_fancom_wgf,315 Production presents F@NTASTIC BATTLE FES ～Who goes first～ 幕張公演,DAY1 昼公演,2025-10-04,,v_makuhari_hall13,sm,event,xr,false,false,false,confirmed,,false,
20251004_sm_wgf_maku_d1_night,t_sm_fancom_wgf,315 Production presents F@NTASTIC BATTLE FES ～Who goes first～ 幕張公演,DAY1 夜公演,2025-10-04,,v_makuhari_hall13,sm,event,xr,false,false,false,confirmed,,false,
20251005_sm_wgf_maku_d2_day,t_sm_fancom_wgf,315 Production presents F@NTASTIC BATTLE FES ～Who goes first～ 幕張公演,DAY2 昼公演,2025-10-05,,v_makuhari_hall13,sm,event,xr,false,false,false,confirmed,,false,
20251005_sm_wgf_maku_d2_night,t_sm_fancom_wgf,315 Production presents F@NTASTIC BATTLE FES ～Who goes first～ 幕張公演,DAY2 夜公演,2025-10-05,,v_makuhari_hall13,sm,event,xr,false,false,false,confirmed,,false,
20251115_sm_wgf_osaka_d1_day,t_sm_fancom_wgf,315 Production presents F@NTASTIC BATTLE FES ～Who goes first～ 大阪公演,DAY1 昼公演,2025-11-15,,v_osaka_orix,sm,event,xr,false,false,false,confirmed,,false,
20251115_sm_wgf_osaka_d1_night,t_sm_fancom_wgf,315 Production presents F@NTASTIC BATTLE FES ～Who goes first～ 大阪公演,DAY1 夜公演,2025-11-15,,v_osaka_orix,sm,event,xr,false,false,false,confirmed,,false,
20251116_sm_wgf_osaka_d2_day,t_sm_fancom_wgf,315 Production presents F@NTASTIC BATTLE FES ～Who goes first～ 大阪公演,DAY2 昼公演,2025-11-16,,v_osaka_orix,sm,event,xr,false,false,false,confirmed,,false,
20251116_sm_wgf_osaka_d2_night,t_sm_fancom_wgf,315 Production presents F@NTASTIC BATTLE FES ～Who goes first～ 大阪公演,DAY2 夜公演,2025-11-16,,v_osaka_orix,sm,event,xr,false,false,false,confirmed,,false,
20260214_sc_sports_fes_d1,t_sc_sports_fes,THE IDOLM@STER SHINY COLORS シャニマス大感謝祭！ 〜283スポーツフェスティバル〜,DAY1,2026-02-14,,v_keio_arena,sc,event,cast,false,false,false,confirmed,,false,
20260215_sc_sports_fes_d2,t_sc_sports_fes,THE IDOLM@STER SHINY COLORS シャニマス大感謝祭！ 〜283スポーツフェスティバル〜,DAY2,2026-02-15,,v_keio_arena,sc,event,cast,false,false,false,confirmed,,false,
20260221_valiv_2nd_d1,t_valiv_2nd,PROJECT IM@S vα-liv 2ndLIVE -BEYOND THE CUSTOM !!!- DAY1,DAY1,2026-02-21,,v_nihon_kogakuin_arena,valiv,solo,xr,false,false,false,confirmed,,false,
20260222_876_dearly_stars,t_876_dearly_stars,THE IDOLM@STER Dearly Stars -Dearly Dearly MEETING !!!-,,2026-02-22,,v_nihon_kogakuin_arena,876,event,cast,false,false,false,confirmed,,false,
20260223_876_ds_valiv,t_876_ds_valiv,Dearly Stars×vα-liv LIVE -UNDER ONE SKY !!!!!!- 昼公演,昼公演,2026-02-23,,v_nihon_kogakuin_arena,876,event,xr,false,false,false,confirmed,,false,
20260314_ml_11th_d1,t_ml_11th_live,THE IDOLM@STER MILLION LIVE! 11thLIVE DAY1 Atelier ROCOMOTION!!,DAY1,2026-03-14,,v_kitakyushu_messe,ml,solo,cast,false,false,false,confirmed,,false,
20260315_ml_11th_d2,t_ml_11th_live,THE IDOLM@STER MILLION LIVE! 11thLIVE DAY2 百合咲き誇るレムリア,DAY2,2026-03-15,,v_kitakyushu_messe,ml,solo,cast,false,false,false,confirmed,,false,
20260314_sm_reading_marionette_d1,t_sm_reading_marionette,THE IDOLM@STER SideM PASSIONABLE READING SHOW 〜魂環の人形〜 DAY1,DAY1,2026-03-14,,v_makuhari_hall13,sm,event,cast,false,false,false,confirmed,,false,
20260315_sm_reading_marionette_d2,t_sm_reading_marionette,THE IDOLM@STER SideM PASSIONABLE READING SHOW 〜魂環の人形〜 DAY2,DAY2,2026-03-15,,v_makuhari_hall13,sm,event,cast,false,false,false,confirmed,,false,
20260509_cg_musical_starlight,t_cg_musical_starlight,CINDERELLA GIRLS MUSICAL STARLIGHT HIGH SCHOOL!,DAY1夜・DAY2昼・DAY2夜,2026-05-09,,v_mori_hall_matsudo,cg,event,cast,false,false,false,confirmed,,false,
20260704_cg_musical_deredead,t_cg_musical_dereofdeadz,CINDERELLA GIRLS MUSICAL DERE of the DEAD,DAY1夜・DAY2昼・DAY2夜,2026-07-04,,v_osaka_orix,cg,event,cast,false,false,false,confirmed,,false,
20260806_765_ami_osaka,t_765_dual_twin_ami,dual twin live tour 双海 亜美・双海 真美 twin live ワクワクフタリボシ,大阪公演,2026-08-06,,v_zepp_namba,765as,solo,xr,false,false,false,confirmed,,false,
20260813_765_ami_nagoya,t_765_dual_twin_ami,dual twin live tour 双海 亜美・双海 真美 twin live ソワソワフタリボシ,名古屋公演,2026-08-13,,v_zepp_nagoya,765as,solo,xr,false,false,false,confirmed,,false,
20260827_765_ami_tokyo,t_765_dual_twin_ami,dual twin live tour 双海 亜美・双海 真美 twin live キラキラフタリボシ,東京公演,2026-08-27,,v_zepp_haneda,765as,solo,xr,false,false,false,confirmed,,false,
20260807_765_azusa_osaka,t_765_dual_twin_azusa,dual twin live tour 三浦 あずさ・秋月 律子 twin live OSAKA SILENTCITY LOVE,大阪公演,2026-08-07,,v_zepp_namba,765as,solo,xr,false,false,false,confirmed,,false,
20260814_765_azusa_nagoya,t_765_dual_twin_azusa,dual twin live tour 三浦 あずさ・秋月 律子 twin live NAGOYA MISTY NIGHT,名古屋公演,2026-08-14,,v_zepp_nagoya,765as,solo,xr,false,false,false,confirmed,,false,
20260828_765_azusa_tokyo,t_765_dual_twin_azusa,dual twin live tour 三浦 あずさ・秋月 律子 twin live TOKYO LAST CHOICE,東京公演,2026-08-28,,v_zepp_haneda,765as,solo,xr,false,false,false,confirmed,,false,
20260813_cg_popn_evening,t_cg_popn_toybox,Pop'n ToyBox!! 夕方公演,夕方公演,2026-08-13,,v_shibuya_lovez,cg,event,xr,false,false,false,confirmed,,false,
20260814_cg_popn_afternoon,t_cg_popn_toybox,Pop'n ToyBox!! 昼公演,昼公演,2026-08-14,,v_shibuya_lovez,cg,event,xr,false,false,false,confirmed,,false,
20260814_cg_popn_night,t_cg_popn_toybox,Pop'n ToyBox!! 夜公演,夜公演,2026-08-14,,v_shibuya_lovez,cg,event,xr,false,false,false,confirmed,,false,
20260905_gk_fukuoka_d1,t_gk_fukuoka,学園アイドルマスター LIVE TOUR -標- 福岡公演 DAY1,DAY1,2026-09-05,,v_fukuoka_sunpalace,gk,solo,cast,false,false,false,confirmed,,false,
20260906_gk_fukuoka_d2,t_gk_fukuoka,学園アイドルマスター LIVE TOUR -標- 福岡公演 DAY2,DAY2,2026-09-06,,v_fukuoka_sunpalace,gk,solo,cast,false,false,false,confirmed,,false,
